------------------------------------------------------------
-- TRUNG TAM DAO TAO - THPT MOCK DATA INSERTION SCRIPT
-- Requirement: Mock Data standardized for High School Curriculum
-- Note: Chạy script này sau khi chạy 'ttdt_dh_db_create.sql'
------------------------------------------------------------

-- =========================================================
-- 1. PEOPLE & ACCOUNTS
-- =========================================================

-- 1.1. Bảng VAITRO
INSERT INTO VAITRO (MAVAITRO, TENVAITRO) VALUES (1, 'Admin');
INSERT INTO VAITRO (MAVAITRO, TENVAITRO) VALUES (2, 'GiaoVien');
INSERT INTO VAITRO (MAVAITRO, TENVAITRO) VALUES (3, 'HocVien');
INSERT INTO VAITRO (MAVAITRO, TENVAITRO) VALUES (4, 'KeToan');
INSERT INTO VAITRO (MAVAITRO, TENVAITRO) VALUES (5, 'NhanVienQuanLy');


-- 1.2. Bảng BOMON (Chỉ gồm Toán, Văn, Anh, Lý, Hóa)
INSERT INTO BOMON (MABOMON, TENBM) VALUES (1, N'Toán Học');
INSERT INTO BOMON (MABOMON, TENBM) VALUES (2, N'Ngữ Văn');
INSERT INTO BOMON (MABOMON, TENBM) VALUES (3, N'Tiếng Anh');

COMMIT;
-- 1.3. Bảng TAIKHOAN
-- Admin (1)
INSERT INTO TAIKHOAN (MATAIKHOAN, TENTAIKHOAN, MATKHAU, MAVAITRO, TRANGTHAITK, NGAYTAO) VALUES (1, 'admin_truong', '12345678', 1, 'Hoat dong',DATE '2025-01-10');
-- Quản lý & Kế toán (2-3)
INSERT INTO TAIKHOAN (MATAIKHOAN, TENTAIKHOAN, MATKHAU, MAVAITRO, TRANGTHAITK, NGAYTAO) VALUES (2, 'ql_daotao_01', '12345678', 5, 'Hoat dong',DATE '2025-01-11');
INSERT INTO TAIKHOAN (MATAIKHOAN, TENTAIKHOAN, MATKHAU, MAVAITRO, TRANGTHAITK, NGAYTAO) VALUES (3, 'kt_taichinh_01', '12345678', 4, 'Hoat dong', DATE '2025-01-11');
-- Giáo viên (4-9)
INSERT INTO TAIKHOAN (MATAIKHOAN, TENTAIKHOAN, MATKHAU, MAVAITRO, TRANGTHAITK, NGAYTAO) VALUES (4, 'gv_toan_01', '12345678', 2, 'Hoat dong', DATE '2025-01-12');
INSERT INTO TAIKHOAN (MATAIKHOAN, TENTAIKHOAN, MATKHAU, MAVAITRO, TRANGTHAITK, NGAYTAO) VALUES (5, 'gv_toan_02', '12345678', 2, 'Hoat dong', DATE '2025-01-12');
INSERT INTO TAIKHOAN (MATAIKHOAN, TENTAIKHOAN, MATKHAU, MAVAITRO, TRANGTHAITK, NGAYTAO) VALUES (6, 'gv_van_01', '12345678', 2, 'Hoat dong', DATE '2025-01-12');
INSERT INTO TAIKHOAN (MATAIKHOAN, TENTAIKHOAN, MATKHAU, MAVAITRO, TRANGTHAITK, NGAYTAO) VALUES (7, 'gv_van_02', '12345678', 2, 'Hoat dong', DATE '2025-01-12');
INSERT INTO TAIKHOAN (MATAIKHOAN, TENTAIKHOAN, MATKHAU, MAVAITRO, TRANGTHAITK, NGAYTAO) VALUES (8, 'gv_ta_01', '12345678', 2, 'Hoat dong', DATE '2025-01-12');
INSERT INTO TAIKHOAN (MATAIKHOAN, TENTAIKHOAN, MATKHAU, MAVAITRO, TRANGTHAITK, NGAYTAO) VALUES (9, 'gv_ta_02', '12345678', 2, 'Hoat dong', DATE '2025-01-12');
-- Học viên (10-130) --> 121 học viên
insert into TAIKHOAN (MATAIKHOAN, TENTAIKHOAN, MATKHAU, MAVAITRO, TRANGTHAITK, NGAYTAO, LANDN_CUOI) values (10, 'jclementson0', '12345678', 3, 'Hoat dong', DATE' 2025-05-22', DATE' 2025-05-27');
insert into TAIKHOAN (MATAIKHOAN, TENTAIKHOAN, MATKHAU, MAVAITRO, TRANGTHAITK, NGAYTAO, LANDN_CUOI) values (11, 'pcoping1', '12345678', 3, 'Hoat dong', DATE' 2025-05-20', DATE' 2025-05-28');
insert into TAIKHOAN (MATAIKHOAN, TENTAIKHOAN, MATKHAU, MAVAITRO, TRANGTHAITK, NGAYTAO, LANDN_CUOI) values (12, 'dmouan2', '12345678', 3, 'Hoat dong', DATE' 2025-05-23', DATE' 2025-05-28');
insert into TAIKHOAN (MATAIKHOAN, TENTAIKHOAN, MATKHAU, MAVAITRO, TRANGTHAITK, NGAYTAO, LANDN_CUOI) values (13, 'cackrill3', '12345678', 3, 'Hoat dong', DATE' 2025-05-19', DATE' 2025-05-29');
insert into TAIKHOAN (MATAIKHOAN, TENTAIKHOAN, MATKHAU, MAVAITRO, TRANGTHAITK, NGAYTAO, LANDN_CUOI) values (14, 'bgabbot4', '12345678', 3, 'Hoat dong', DATE' 2025-05-21', DATE' 2025-05-29');
insert into TAIKHOAN (MATAIKHOAN, TENTAIKHOAN, MATKHAU, MAVAITRO, TRANGTHAITK, NGAYTAO, LANDN_CUOI) values (15, 'blaunder5', '12345678', 3, 'Hoat dong', DATE' 2025-05-20', DATE' 2025-05-29');
insert into TAIKHOAN (MATAIKHOAN, TENTAIKHOAN, MATKHAU, MAVAITRO, TRANGTHAITK, NGAYTAO, LANDN_CUOI) values (16, 'kishaki6', '12345678', 3, 'Hoat dong', DATE' 2025-05-21', DATE' 2025-05-29');
insert into TAIKHOAN (MATAIKHOAN, TENTAIKHOAN, MATKHAU, MAVAITRO, TRANGTHAITK, NGAYTAO, LANDN_CUOI) values (17, 'mroscamps7', '12345678', 3, 'Hoat dong', DATE' 2025-05-23', DATE' 2025-05-27');
insert into TAIKHOAN (MATAIKHOAN, TENTAIKHOAN, MATKHAU, MAVAITRO, TRANGTHAITK, NGAYTAO, LANDN_CUOI) values (18, 'mdailey8', '12345678', 3, 'Hoat dong', DATE' 2025-05-22', DATE' 2025-05-26');
insert into TAIKHOAN (MATAIKHOAN, TENTAIKHOAN, MATKHAU, MAVAITRO, TRANGTHAITK, NGAYTAO, LANDN_CUOI) values (19, 'avickress9', '12345678', 3, 'Hoat dong', DATE' 2025-05-22', DATE' 2025-05-27');
insert into TAIKHOAN (MATAIKHOAN, TENTAIKHOAN, MATKHAU, MAVAITRO, TRANGTHAITK, NGAYTAO, LANDN_CUOI) values (20, 'ydugana', '12345678', 3, 'Hoat dong', DATE' 2025-05-21', DATE' 2025-05-29');
insert into TAIKHOAN (MATAIKHOAN, TENTAIKHOAN, MATKHAU, MAVAITRO, TRANGTHAITK, NGAYTAO, LANDN_CUOI) values (21, 'lbillboroughb', '12345678', 3, 'Hoat dong', DATE' 2025-05-19', DATE' 2025-05-29');
insert into TAIKHOAN (MATAIKHOAN, TENTAIKHOAN, MATKHAU, MAVAITRO, TRANGTHAITK, NGAYTAO, LANDN_CUOI) values (22, 'beshmadec', '12345678', 3, 'Hoat dong', DATE' 2025-05-21', DATE' 2025-05-26');
insert into TAIKHOAN (MATAIKHOAN, TENTAIKHOAN, MATKHAU, MAVAITRO, TRANGTHAITK, NGAYTAO, LANDN_CUOI) values (23, 'hbordissd', '12345678', 3, 'Hoat dong', DATE' 2025-05-20', DATE' 2025-05-26');
insert into TAIKHOAN (MATAIKHOAN, TENTAIKHOAN, MATKHAU, MAVAITRO, TRANGTHAITK, NGAYTAO, LANDN_CUOI) values (24, 'nsavagee', '12345678', 3, 'Hoat dong', DATE' 2025-05-22', DATE' 2025-05-28');
insert into TAIKHOAN (MATAIKHOAN, TENTAIKHOAN, MATKHAU, MAVAITRO, TRANGTHAITK, NGAYTAO, LANDN_CUOI) values (25, 'charcarsef', '12345678', 3, 'Hoat dong', DATE' 2025-05-23', DATE' 2025-05-26');
insert into TAIKHOAN (MATAIKHOAN, TENTAIKHOAN, MATKHAU, MAVAITRO, TRANGTHAITK, NGAYTAO, LANDN_CUOI) values (26, 'ctreleaveng', '12345678', 3, 'Hoat dong', DATE' 2025-05-20', DATE' 2025-05-27');
insert into TAIKHOAN (MATAIKHOAN, TENTAIKHOAN, MATKHAU, MAVAITRO, TRANGTHAITK, NGAYTAO, LANDN_CUOI) values (27, 'astenyngh', '12345678', 3, 'Hoat dong', DATE' 2025-05-21', DATE' 2025-05-28');
insert into TAIKHOAN (MATAIKHOAN, TENTAIKHOAN, MATKHAU, MAVAITRO, TRANGTHAITK, NGAYTAO, LANDN_CUOI) values (28, 'msousai', '12345678', 3, 'Hoat dong', DATE' 2025-05-20', DATE' 2025-05-29');
insert into TAIKHOAN (MATAIKHOAN, TENTAIKHOAN, MATKHAU, MAVAITRO, TRANGTHAITK, NGAYTAO, LANDN_CUOI) values (29, 'ihubbackj', '12345678', 3, 'Hoat dong', DATE' 2025-05-19', DATE' 2025-05-29');
insert into TAIKHOAN (MATAIKHOAN, TENTAIKHOAN, MATKHAU, MAVAITRO, TRANGTHAITK, NGAYTAO, LANDN_CUOI) values (30, 'mhulmek', '12345678', 3, 'Hoat dong', DATE' 2025-05-21', DATE' 2025-05-26');
insert into TAIKHOAN (MATAIKHOAN, TENTAIKHOAN, MATKHAU, MAVAITRO, TRANGTHAITK, NGAYTAO, LANDN_CUOI) values (31, 'hmolanl', '12345678', 3, 'Hoat dong', DATE' 2025-05-20', DATE' 2025-05-29');
insert into TAIKHOAN (MATAIKHOAN, TENTAIKHOAN, MATKHAU, MAVAITRO, TRANGTHAITK, NGAYTAO, LANDN_CUOI) values (32, 'ncortezm', '12345678', 3, 'Hoat dong', DATE' 2025-05-23', DATE' 2025-05-28');
insert into TAIKHOAN (MATAIKHOAN, TENTAIKHOAN, MATKHAU, MAVAITRO, TRANGTHAITK, NGAYTAO, LANDN_CUOI) values (33, 'dschumachern', '12345678', 3, 'Hoat dong', DATE' 2025-05-23', DATE' 2025-05-29');
insert into TAIKHOAN (MATAIKHOAN, TENTAIKHOAN, MATKHAU, MAVAITRO, TRANGTHAITK, NGAYTAO, LANDN_CUOI) values (34, 'imacmenamyo', '12345678', 3, 'Hoat dong', DATE' 2025-05-22', DATE' 2025-05-27');
insert into TAIKHOAN (MATAIKHOAN, TENTAIKHOAN, MATKHAU, MAVAITRO, TRANGTHAITK, NGAYTAO, LANDN_CUOI) values (35, 'pslocombep', '12345678', 3, 'Hoat dong', DATE' 2025-05-22', DATE' 2025-05-29');
insert into TAIKHOAN (MATAIKHOAN, TENTAIKHOAN, MATKHAU, MAVAITRO, TRANGTHAITK, NGAYTAO, LANDN_CUOI) values (36, 'eimminsq', '12345678', 3, 'Hoat dong', DATE' 2025-05-22', DATE' 2025-05-27');
insert into TAIKHOAN (MATAIKHOAN, TENTAIKHOAN, MATKHAU, MAVAITRO, TRANGTHAITK, NGAYTAO, LANDN_CUOI) values (37, 'pmcreynoldsr', '12345678', 3, 'Hoat dong', DATE' 2025-05-21', DATE' 2025-05-28');
insert into TAIKHOAN (MATAIKHOAN, TENTAIKHOAN, MATKHAU, MAVAITRO, TRANGTHAITK, NGAYTAO, LANDN_CUOI) values (38, 'rvalentins', '12345678', 3, 'Hoat dong', DATE' 2025-05-20', DATE' 2025-05-26');
insert into TAIKHOAN (MATAIKHOAN, TENTAIKHOAN, MATKHAU, MAVAITRO, TRANGTHAITK, NGAYTAO, LANDN_CUOI) values (39, 'lvauxt', '12345678', 3, 'Hoat dong', DATE' 2025-05-21', DATE' 2025-05-28');
insert into TAIKHOAN (MATAIKHOAN, TENTAIKHOAN, MATKHAU, MAVAITRO, TRANGTHAITK, NGAYTAO, LANDN_CUOI) values (40, 'flafrentzu', '12345678', 3, 'Hoat dong', DATE' 2025-05-19', DATE' 2025-05-29');
insert into TAIKHOAN (MATAIKHOAN, TENTAIKHOAN, MATKHAU, MAVAITRO, TRANGTHAITK, NGAYTAO, LANDN_CUOI) values (41, 'jdobbinsonv', '12345678', 3, 'Hoat dong', DATE' 2025-05-19', DATE' 2025-05-29');
insert into TAIKHOAN (MATAIKHOAN, TENTAIKHOAN, MATKHAU, MAVAITRO, TRANGTHAITK, NGAYTAO, LANDN_CUOI) values (42, 'dcanariow', '12345678', 3, 'Hoat dong', DATE' 2025-05-23', DATE' 2025-05-28');
insert into TAIKHOAN (MATAIKHOAN, TENTAIKHOAN, MATKHAU, MAVAITRO, TRANGTHAITK, NGAYTAO, LANDN_CUOI) values (43, 'jrockx', '12345678', 3, 'Hoat dong', DATE' 2025-05-23', DATE' 2025-05-29');
insert into TAIKHOAN (MATAIKHOAN, TENTAIKHOAN, MATKHAU, MAVAITRO, TRANGTHAITK, NGAYTAO, LANDN_CUOI) values (44, 'gloachheady', '12345678', 3, 'Hoat dong', DATE' 2025-05-21', DATE' 2025-05-28');
insert into TAIKHOAN (MATAIKHOAN, TENTAIKHOAN, MATKHAU, MAVAITRO, TRANGTHAITK, NGAYTAO, LANDN_CUOI) values (45, 'mtoderiz', '12345678', 3, 'Hoat dong', DATE' 2025-05-19', DATE' 2025-05-28');
insert into TAIKHOAN (MATAIKHOAN, TENTAIKHOAN, MATKHAU, MAVAITRO, TRANGTHAITK, NGAYTAO, LANDN_CUOI) values (46, 'mmccluskey10', '12345678', 3, 'Hoat dong', DATE' 2025-05-20', DATE' 2025-05-26');
insert into TAIKHOAN (MATAIKHOAN, TENTAIKHOAN, MATKHAU, MAVAITRO, TRANGTHAITK, NGAYTAO, LANDN_CUOI) values (47, 'pwillisch11', '12345678', 3, 'Hoat dong', DATE' 2025-05-22', DATE' 2025-05-26');
insert into TAIKHOAN (MATAIKHOAN, TENTAIKHOAN, MATKHAU, MAVAITRO, TRANGTHAITK, NGAYTAO, LANDN_CUOI) values (48, 'vmordaunt12', '12345678', 3, 'Hoat dong', DATE' 2025-05-23', DATE' 2025-05-26');
insert into TAIKHOAN (MATAIKHOAN, TENTAIKHOAN, MATKHAU, MAVAITRO, TRANGTHAITK, NGAYTAO, LANDN_CUOI) values (49, 'mschneidau13', '12345678', 3, 'Hoat dong', DATE' 2025-05-21', DATE' 2025-05-26');
insert into TAIKHOAN (MATAIKHOAN, TENTAIKHOAN, MATKHAU, MAVAITRO, TRANGTHAITK, NGAYTAO, LANDN_CUOI) values (50, 'kdemangel14', '12345678', 3, 'Hoat dong', DATE' 2025-05-21', DATE' 2025-05-29');
insert into TAIKHOAN (MATAIKHOAN, TENTAIKHOAN, MATKHAU, MAVAITRO, TRANGTHAITK, NGAYTAO, LANDN_CUOI) values (51, 'bsherrin15', '12345678', 3, 'Hoat dong', DATE' 2025-05-19', DATE' 2025-05-29');
insert into TAIKHOAN (MATAIKHOAN, TENTAIKHOAN, MATKHAU, MAVAITRO, TRANGTHAITK, NGAYTAO, LANDN_CUOI) values (52, 'lridsdell16', '12345678', 3, 'Hoat dong', DATE' 2025-05-23', DATE' 2025-05-29');
insert into TAIKHOAN (MATAIKHOAN, TENTAIKHOAN, MATKHAU, MAVAITRO, TRANGTHAITK, NGAYTAO, LANDN_CUOI) values (53, 'kphilimore17', '12345678', 3, 'Hoat dong', DATE' 2025-05-20', DATE' 2025-05-29');
insert into TAIKHOAN (MATAIKHOAN, TENTAIKHOAN, MATKHAU, MAVAITRO, TRANGTHAITK, NGAYTAO, LANDN_CUOI) values (54, 'adundon18', '12345678', 3, 'Hoat dong', DATE' 2025-05-20', DATE' 2025-05-28');
insert into TAIKHOAN (MATAIKHOAN, TENTAIKHOAN, MATKHAU, MAVAITRO, TRANGTHAITK, NGAYTAO, LANDN_CUOI) values (55, 'jsawell19', '12345678', 3, 'Hoat dong', DATE' 2025-05-19', DATE' 2025-05-26');
insert into TAIKHOAN (MATAIKHOAN, TENTAIKHOAN, MATKHAU, MAVAITRO, TRANGTHAITK, NGAYTAO, LANDN_CUOI) values (56, 'ggracey1a', '12345678', 3, 'Hoat dong', DATE' 2025-05-22', DATE' 2025-05-27');
insert into TAIKHOAN (MATAIKHOAN, TENTAIKHOAN, MATKHAU, MAVAITRO, TRANGTHAITK, NGAYTAO, LANDN_CUOI) values (57, 'adunmore1b', '12345678', 3, 'Hoat dong', DATE' 2025-05-20', DATE' 2025-05-29');
insert into TAIKHOAN (MATAIKHOAN, TENTAIKHOAN, MATKHAU, MAVAITRO, TRANGTHAITK, NGAYTAO, LANDN_CUOI) values (58, 'wbrameld1c', '12345678', 3, 'Hoat dong', DATE' 2025-05-20', DATE' 2025-05-27');
insert into TAIKHOAN (MATAIKHOAN, TENTAIKHOAN, MATKHAU, MAVAITRO, TRANGTHAITK, NGAYTAO, LANDN_CUOI) values (59, 'pgolborn1d', '12345678', 3, 'Hoat dong', DATE' 2025-05-22', DATE' 2025-05-29');
insert into TAIKHOAN (MATAIKHOAN, TENTAIKHOAN, MATKHAU, MAVAITRO, TRANGTHAITK, NGAYTAO, LANDN_CUOI) values (60, 'fbulward1e', '12345678', 3, 'Hoat dong', DATE' 2025-05-22', DATE' 2025-05-27');
insert into TAIKHOAN (MATAIKHOAN, TENTAIKHOAN, MATKHAU, MAVAITRO, TRANGTHAITK, NGAYTAO, LANDN_CUOI) values (61, 'mbernetti1f', '12345678', 3, 'Hoat dong', DATE' 2025-05-22', DATE' 2025-05-29');
insert into TAIKHOAN (MATAIKHOAN, TENTAIKHOAN, MATKHAU, MAVAITRO, TRANGTHAITK, NGAYTAO, LANDN_CUOI) values (62, 'kmuldrew1g', '12345678', 3, 'Hoat dong', DATE' 2025-05-20', DATE' 2025-05-29');
insert into TAIKHOAN (MATAIKHOAN, TENTAIKHOAN, MATKHAU, MAVAITRO, TRANGTHAITK, NGAYTAO, LANDN_CUOI) values (63, 'dnevins1h', '12345678', 3, 'Hoat dong', DATE' 2025-05-23', DATE' 2025-05-26');
insert into TAIKHOAN (MATAIKHOAN, TENTAIKHOAN, MATKHAU, MAVAITRO, TRANGTHAITK, NGAYTAO, LANDN_CUOI) values (64, 'tbeccera1i', '12345678', 3, 'Hoat dong', DATE' 2025-05-21', DATE' 2025-05-29');
insert into TAIKHOAN (MATAIKHOAN, TENTAIKHOAN, MATKHAU, MAVAITRO, TRANGTHAITK, NGAYTAO, LANDN_CUOI) values (65, 'jarnhold1j', '12345678', 3, 'Hoat dong', DATE' 2025-05-21', DATE' 2025-05-27');
insert into TAIKHOAN (MATAIKHOAN, TENTAIKHOAN, MATKHAU, MAVAITRO, TRANGTHAITK, NGAYTAO, LANDN_CUOI) values (66, 'hskeleton1k', '12345678', 3, 'Hoat dong', DATE' 2025-05-23', DATE' 2025-05-28');
insert into TAIKHOAN (MATAIKHOAN, TENTAIKHOAN, MATKHAU, MAVAITRO, TRANGTHAITK, NGAYTAO, LANDN_CUOI) values (67, 'glarkin1l', '12345678', 3, 'Hoat dong', DATE' 2025-05-22', DATE' 2025-05-27');
insert into TAIKHOAN (MATAIKHOAN, TENTAIKHOAN, MATKHAU, MAVAITRO, TRANGTHAITK, NGAYTAO, LANDN_CUOI) values (68, 'tdumbrall1m', '12345678', 3, 'Hoat dong', DATE' 2025-05-22', DATE' 2025-05-27');
insert into TAIKHOAN (MATAIKHOAN, TENTAIKHOAN, MATKHAU, MAVAITRO, TRANGTHAITK, NGAYTAO, LANDN_CUOI) values (69, 'cmacgauhy1n', '12345678', 3, 'Hoat dong', DATE' 2025-05-22', DATE' 2025-05-26');
insert into TAIKHOAN (MATAIKHOAN, TENTAIKHOAN, MATKHAU, MAVAITRO, TRANGTHAITK, NGAYTAO, LANDN_CUOI) values (70, 'ivobes1o', '12345678', 3, 'Hoat dong', DATE' 2025-05-23', DATE' 2025-05-28');
insert into TAIKHOAN (MATAIKHOAN, TENTAIKHOAN, MATKHAU, MAVAITRO, TRANGTHAITK, NGAYTAO, LANDN_CUOI) values (71, 'clakeman1p', '12345678', 3, 'Hoat dong', DATE' 2025-05-20', DATE' 2025-05-29');
insert into TAIKHOAN (MATAIKHOAN, TENTAIKHOAN, MATKHAU, MAVAITRO, TRANGTHAITK, NGAYTAO, LANDN_CUOI) values (72, 'aaddey1q', '12345678', 3, 'Hoat dong', DATE' 2025-05-21', DATE' 2025-05-28');
insert into TAIKHOAN (MATAIKHOAN, TENTAIKHOAN, MATKHAU, MAVAITRO, TRANGTHAITK, NGAYTAO, LANDN_CUOI) values (73, 'lpickersail1r', '12345678', 3, 'Hoat dong', DATE' 2025-05-22', DATE' 2025-05-29');
insert into TAIKHOAN (MATAIKHOAN, TENTAIKHOAN, MATKHAU, MAVAITRO, TRANGTHAITK, NGAYTAO, LANDN_CUOI) values (74, 'jfabri1s', '12345678', 3, 'Hoat dong', DATE' 2025-05-19', DATE' 2025-05-28');
insert into TAIKHOAN (MATAIKHOAN, TENTAIKHOAN, MATKHAU, MAVAITRO, TRANGTHAITK, NGAYTAO, LANDN_CUOI) values (75, 'fclayill1t', '12345678', 3, 'Hoat dong', DATE' 2025-05-22', DATE' 2025-05-29');
insert into TAIKHOAN (MATAIKHOAN, TENTAIKHOAN, MATKHAU, MAVAITRO, TRANGTHAITK, NGAYTAO, LANDN_CUOI) values (76, 'lface1u', '12345678', 3, 'Hoat dong', DATE' 2025-05-22', DATE' 2025-05-28');
insert into TAIKHOAN (MATAIKHOAN, TENTAIKHOAN, MATKHAU, MAVAITRO, TRANGTHAITK, NGAYTAO, LANDN_CUOI) values (77, 'bandrelli1v', '12345678', 3, 'Hoat dong', DATE' 2025-05-19', DATE' 2025-05-27');
insert into TAIKHOAN (MATAIKHOAN, TENTAIKHOAN, MATKHAU, MAVAITRO, TRANGTHAITK, NGAYTAO, LANDN_CUOI) values (78, 'smustard1w', '12345678', 3, 'Hoat dong', DATE' 2025-05-21', DATE' 2025-05-29');
insert into TAIKHOAN (MATAIKHOAN, TENTAIKHOAN, MATKHAU, MAVAITRO, TRANGTHAITK, NGAYTAO, LANDN_CUOI) values (79, 'scornfield1x', '12345678', 3, 'Hoat dong', DATE' 2025-05-23', DATE' 2025-05-27');
insert into TAIKHOAN (MATAIKHOAN, TENTAIKHOAN, MATKHAU, MAVAITRO, TRANGTHAITK, NGAYTAO, LANDN_CUOI) values (80, 'kpaynter1y', '12345678', 3, 'Hoat dong', DATE' 2025-05-23', DATE' 2025-05-29');
insert into TAIKHOAN (MATAIKHOAN, TENTAIKHOAN, MATKHAU, MAVAITRO, TRANGTHAITK, NGAYTAO, LANDN_CUOI) values (81, 'sspellacy1z', '12345678', 3, 'Hoat dong', DATE' 2025-05-23', DATE' 2025-05-27');
insert into TAIKHOAN (MATAIKHOAN, TENTAIKHOAN, MATKHAU, MAVAITRO, TRANGTHAITK, NGAYTAO, LANDN_CUOI) values (82, 'cbradbrook20', '12345678', 3, 'Hoat dong', DATE' 2025-05-19', DATE' 2025-05-26');
insert into TAIKHOAN (MATAIKHOAN, TENTAIKHOAN, MATKHAU, MAVAITRO, TRANGTHAITK, NGAYTAO, LANDN_CUOI) values (83, 'cattewell21', '12345678', 3, 'Hoat dong', DATE' 2025-05-19', DATE' 2025-05-27');
insert into TAIKHOAN (MATAIKHOAN, TENTAIKHOAN, MATKHAU, MAVAITRO, TRANGTHAITK, NGAYTAO, LANDN_CUOI) values (84, 'bzouch22', '12345678', 3, 'Hoat dong', DATE' 2025-05-21', DATE' 2025-05-28');
insert into TAIKHOAN (MATAIKHOAN, TENTAIKHOAN, MATKHAU, MAVAITRO, TRANGTHAITK, NGAYTAO, LANDN_CUOI) values (85, 'fbraxton23', '12345678', 3, 'Hoat dong', DATE' 2025-05-23', DATE' 2025-05-29');
insert into TAIKHOAN (MATAIKHOAN, TENTAIKHOAN, MATKHAU, MAVAITRO, TRANGTHAITK, NGAYTAO, LANDN_CUOI) values (86, 'mbollins24', '12345678', 3, 'Hoat dong', DATE' 2025-05-23', DATE' 2025-05-26');
insert into TAIKHOAN (MATAIKHOAN, TENTAIKHOAN, MATKHAU, MAVAITRO, TRANGTHAITK, NGAYTAO, LANDN_CUOI) values (87, 'cplank25', '12345678', 3, 'Hoat dong', DATE' 2025-05-23', DATE' 2025-05-28');
insert into TAIKHOAN (MATAIKHOAN, TENTAIKHOAN, MATKHAU, MAVAITRO, TRANGTHAITK, NGAYTAO, LANDN_CUOI) values (88, 'lgodley26', '12345678', 3, 'Hoat dong', DATE' 2025-05-21', DATE' 2025-05-26');
insert into TAIKHOAN (MATAIKHOAN, TENTAIKHOAN, MATKHAU, MAVAITRO, TRANGTHAITK, NGAYTAO, LANDN_CUOI) values (89, 'ncarnell27', '12345678', 3, 'Hoat dong', DATE' 2025-05-21', DATE' 2025-05-29');
insert into TAIKHOAN (MATAIKHOAN, TENTAIKHOAN, MATKHAU, MAVAITRO, TRANGTHAITK, NGAYTAO, LANDN_CUOI) values (90, 'glillford28', '12345678', 3, 'Hoat dong', DATE' 2025-05-20', DATE' 2025-05-27');
insert into TAIKHOAN (MATAIKHOAN, TENTAIKHOAN, MATKHAU, MAVAITRO, TRANGTHAITK, NGAYTAO, LANDN_CUOI) values (91, 'cpassman29', '12345678', 3, 'Hoat dong', DATE' 2025-05-21', DATE' 2025-05-29');
insert into TAIKHOAN (MATAIKHOAN, TENTAIKHOAN, MATKHAU, MAVAITRO, TRANGTHAITK, NGAYTAO, LANDN_CUOI) values (92, 'mtrotton2a', '12345678', 3, 'Hoat dong', DATE' 2025-05-23', DATE' 2025-05-29');
insert into TAIKHOAN (MATAIKHOAN, TENTAIKHOAN, MATKHAU, MAVAITRO, TRANGTHAITK, NGAYTAO, LANDN_CUOI) values (93, 'tgilham2b', '12345678', 3, 'Hoat dong', DATE' 2025-05-23', DATE' 2025-05-26');
insert into TAIKHOAN (MATAIKHOAN, TENTAIKHOAN, MATKHAU, MAVAITRO, TRANGTHAITK, NGAYTAO, LANDN_CUOI) values (94, 'hmeadus2c', '12345678', 3, 'Hoat dong', DATE' 2025-05-23', DATE' 2025-05-27');
insert into TAIKHOAN (MATAIKHOAN, TENTAIKHOAN, MATKHAU, MAVAITRO, TRANGTHAITK, NGAYTAO, LANDN_CUOI) values (95, 'aaggas2d', '12345678', 3, 'Hoat dong', DATE' 2025-05-19', DATE' 2025-05-29');
insert into TAIKHOAN (MATAIKHOAN, TENTAIKHOAN, MATKHAU, MAVAITRO, TRANGTHAITK, NGAYTAO, LANDN_CUOI) values (96, 'hong2e', '12345678', 3, 'Hoat dong', DATE' 2025-05-20', DATE' 2025-05-26');
insert into TAIKHOAN (MATAIKHOAN, TENTAIKHOAN, MATKHAU, MAVAITRO, TRANGTHAITK, NGAYTAO, LANDN_CUOI) values (97, 'mduffyn2f', '12345678', 3, 'Hoat dong', DATE' 2025-05-20', DATE' 2025-05-27');
insert into TAIKHOAN (MATAIKHOAN, TENTAIKHOAN, MATKHAU, MAVAITRO, TRANGTHAITK, NGAYTAO, LANDN_CUOI) values (98, 'galyonov2g', '12345678', 3, 'Hoat dong', DATE' 2025-05-21', DATE' 2025-05-26');
insert into TAIKHOAN (MATAIKHOAN, TENTAIKHOAN, MATKHAU, MAVAITRO, TRANGTHAITK, NGAYTAO, LANDN_CUOI) values (99, 'lcantua2h', '12345678', 3, 'Hoat dong', DATE' 2025-05-23', DATE' 2025-05-27');
insert into TAIKHOAN (MATAIKHOAN, TENTAIKHOAN, MATKHAU, MAVAITRO, TRANGTHAITK, NGAYTAO, LANDN_CUOI) values (100, 'jdaish2i', '12345678', 3, 'Hoat dong', DATE' 2025-05-22', DATE' 2025-05-26');
insert into TAIKHOAN (MATAIKHOAN, TENTAIKHOAN, MATKHAU, MAVAITRO, TRANGTHAITK, NGAYTAO, LANDN_CUOI) values (101, 'hrailton2j', '12345678', 3, 'Hoat dong', DATE' 2025-05-19', DATE' 2025-05-27');
insert into TAIKHOAN (MATAIKHOAN, TENTAIKHOAN, MATKHAU, MAVAITRO, TRANGTHAITK, NGAYTAO, LANDN_CUOI) values (102, 'tfranceschelli2k', '12345678', 3, 'Hoat dong', DATE' 2025-05-19', DATE' 2025-05-26');
insert into TAIKHOAN (MATAIKHOAN, TENTAIKHOAN, MATKHAU, MAVAITRO, TRANGTHAITK, NGAYTAO, LANDN_CUOI) values (103, 'bmalec2l', '12345678', 3, 'Hoat dong', DATE' 2025-05-19', DATE' 2025-05-28');
insert into TAIKHOAN (MATAIKHOAN, TENTAIKHOAN, MATKHAU, MAVAITRO, TRANGTHAITK, NGAYTAO, LANDN_CUOI) values (104, 'tgiovannini2m', '12345678', 3, 'Hoat dong', DATE' 2025-05-21', DATE' 2025-05-27');
insert into TAIKHOAN (MATAIKHOAN, TENTAIKHOAN, MATKHAU, MAVAITRO, TRANGTHAITK, NGAYTAO, LANDN_CUOI) values (105, 'cmccombe2n', '12345678', 3, 'Hoat dong', DATE' 2025-05-19', DATE' 2025-05-28');
insert into TAIKHOAN (MATAIKHOAN, TENTAIKHOAN, MATKHAU, MAVAITRO, TRANGTHAITK, NGAYTAO, LANDN_CUOI) values (106, 'ctrengrove2o', '12345678', 3, 'Hoat dong', DATE' 2025-05-23', DATE' 2025-05-28');
insert into TAIKHOAN (MATAIKHOAN, TENTAIKHOAN, MATKHAU, MAVAITRO, TRANGTHAITK, NGAYTAO, LANDN_CUOI) values (107, 'gblackleech2p', '12345678', 3, 'Hoat dong', DATE' 2025-05-19', DATE' 2025-05-27');
insert into TAIKHOAN (MATAIKHOAN, TENTAIKHOAN, MATKHAU, MAVAITRO, TRANGTHAITK, NGAYTAO, LANDN_CUOI) values (108, 'lvasser2q', '12345678', 3, 'Hoat dong', DATE' 2025-05-21', DATE' 2025-05-28');
insert into TAIKHOAN (MATAIKHOAN, TENTAIKHOAN, MATKHAU, MAVAITRO, TRANGTHAITK, NGAYTAO, LANDN_CUOI) values (109, 'bknutton2r', '12345678', 3, 'Hoat dong', DATE' 2025-05-19', DATE' 2025-05-28');
insert into TAIKHOAN (MATAIKHOAN, TENTAIKHOAN, MATKHAU, MAVAITRO, TRANGTHAITK, NGAYTAO, LANDN_CUOI) values (110, 'vcreus2s', '12345678', 3, 'Hoat dong', DATE' 2025-05-20', DATE' 2025-05-29');
insert into TAIKHOAN (MATAIKHOAN, TENTAIKHOAN, MATKHAU, MAVAITRO, TRANGTHAITK, NGAYTAO, LANDN_CUOI) values (111, 'lwapplington2t', '12345678', 3, 'Hoat dong', DATE' 2025-05-23', DATE' 2025-05-29');
insert into TAIKHOAN (MATAIKHOAN, TENTAIKHOAN, MATKHAU, MAVAITRO, TRANGTHAITK, NGAYTAO, LANDN_CUOI) values (112, 'jmaxworthy2u', '12345678', 3, 'Hoat dong', DATE' 2025-05-22', DATE' 2025-05-26');
insert into TAIKHOAN (MATAIKHOAN, TENTAIKHOAN, MATKHAU, MAVAITRO, TRANGTHAITK, NGAYTAO, LANDN_CUOI) values (113, 'ascawn2v', '12345678', 3, 'Hoat dong', DATE' 2025-05-23', DATE' 2025-05-28');
insert into TAIKHOAN (MATAIKHOAN, TENTAIKHOAN, MATKHAU, MAVAITRO, TRANGTHAITK, NGAYTAO, LANDN_CUOI) values (114, 'sjann2w', '12345678', 3, 'Hoat dong', DATE' 2025-05-19', DATE' 2025-05-29');
insert into TAIKHOAN (MATAIKHOAN, TENTAIKHOAN, MATKHAU, MAVAITRO, TRANGTHAITK, NGAYTAO, LANDN_CUOI) values (115, 'agemmill2x', '12345678', 3, 'Hoat dong', DATE' 2025-05-21', DATE' 2025-05-27');
insert into TAIKHOAN (MATAIKHOAN, TENTAIKHOAN, MATKHAU, MAVAITRO, TRANGTHAITK, NGAYTAO, LANDN_CUOI) values (116, 'glermit2y', '12345678', 3, 'Hoat dong', DATE' 2025-05-20', DATE' 2025-05-28');
insert into TAIKHOAN (MATAIKHOAN, TENTAIKHOAN, MATKHAU, MAVAITRO, TRANGTHAITK, NGAYTAO, LANDN_CUOI) values (117, 'lhumphrys2z', '12345678', 3, 'Hoat dong', DATE' 2025-05-20', DATE' 2025-05-28');
insert into TAIKHOAN (MATAIKHOAN, TENTAIKHOAN, MATKHAU, MAVAITRO, TRANGTHAITK, NGAYTAO, LANDN_CUOI) values (118, 'ehalgarth30', '12345678', 3, 'Hoat dong', DATE' 2025-05-20', DATE' 2025-05-29');
insert into TAIKHOAN (MATAIKHOAN, TENTAIKHOAN, MATKHAU, MAVAITRO, TRANGTHAITK, NGAYTAO, LANDN_CUOI) values (119, 'lalwood31', '12345678', 3, 'Hoat dong', DATE' 2025-05-21', DATE' 2025-05-27');
insert into TAIKHOAN (MATAIKHOAN, TENTAIKHOAN, MATKHAU, MAVAITRO, TRANGTHAITK, NGAYTAO, LANDN_CUOI) values (120, 'cnewens32', '12345678', 3, 'Hoat dong', DATE' 2025-05-20', DATE' 2025-05-29');
insert into TAIKHOAN (MATAIKHOAN, TENTAIKHOAN, MATKHAU, MAVAITRO, TRANGTHAITK, NGAYTAO, LANDN_CUOI) values (121, 'hbadby33', '12345678', 3, 'Hoat dong', DATE' 2025-05-19', DATE' 2025-05-26');
insert into TAIKHOAN (MATAIKHOAN, TENTAIKHOAN, MATKHAU, MAVAITRO, TRANGTHAITK, NGAYTAO, LANDN_CUOI) values (122, 'mlamblin34', '12345678', 3, 'Hoat dong', DATE' 2025-05-21', DATE' 2025-05-28');
insert into TAIKHOAN (MATAIKHOAN, TENTAIKHOAN, MATKHAU, MAVAITRO, TRANGTHAITK, NGAYTAO, LANDN_CUOI) values (123, 'emahady35', '12345678', 3, 'Hoat dong', DATE' 2025-05-23', DATE' 2025-05-26');
insert into TAIKHOAN (MATAIKHOAN, TENTAIKHOAN, MATKHAU, MAVAITRO, TRANGTHAITK, NGAYTAO, LANDN_CUOI) values (124, 'lthinn36', '12345678', 3, 'Hoat dong', DATE' 2025-05-23', DATE' 2025-05-28');
insert into TAIKHOAN (MATAIKHOAN, TENTAIKHOAN, MATKHAU, MAVAITRO, TRANGTHAITK, NGAYTAO, LANDN_CUOI) values (125, 'kbruhke37', '12345678', 3, 'Hoat dong', DATE' 2025-05-23', DATE' 2025-05-29');
insert into TAIKHOAN (MATAIKHOAN, TENTAIKHOAN, MATKHAU, MAVAITRO, TRANGTHAITK, NGAYTAO, LANDN_CUOI) values (126, 'kswett38', '12345678', 3, 'Hoat dong', DATE' 2025-05-23', DATE' 2025-05-26');
insert into TAIKHOAN (MATAIKHOAN, TENTAIKHOAN, MATKHAU, MAVAITRO, TRANGTHAITK, NGAYTAO, LANDN_CUOI) values (127, 'hramsted39', '12345678', 3, 'Hoat dong', DATE' 2025-05-23', DATE' 2025-05-28');
insert into TAIKHOAN (MATAIKHOAN, TENTAIKHOAN, MATKHAU, MAVAITRO, TRANGTHAITK, NGAYTAO, LANDN_CUOI) values (128, 'jgarthshore3a', '12345678', 3, 'Hoat dong', DATE' 2025-05-23', DATE' 2025-05-26');
insert into TAIKHOAN (MATAIKHOAN, TENTAIKHOAN, MATKHAU, MAVAITRO, TRANGTHAITK, NGAYTAO, LANDN_CUOI) values (129, 'wkilgour3b', '12345678', 3, 'Hoat dong', DATE' 2025-05-23', DATE' 2025-05-28');
insert into TAIKHOAN (MATAIKHOAN, TENTAIKHOAN, MATKHAU, MAVAITRO, TRANGTHAITK, NGAYTAO, LANDN_CUOI) values (130, 'rdeakins3c', '12345678', 3, 'Hoat dong', DATE' 2025-05-19', DATE' 2025-05-29');

COMMIT;


-- 1.4. Bảng NHANVIEN
INSERT INTO NHANVIEN (MANHANVIEN, HOTEN, GIOITINH, NGAYSINH, SDT, EMAIL, CHUCVU, MATAIKHOAN) VALUES (1, N'Trần Quản Trị', 'Nam', TO_DATE('1980-01-01', 'YYYY-MM-DD'), '0900000001', 'admin@thpt.edu.vn', 'Admin', 1);
INSERT INTO NHANVIEN (MANHANVIEN, HOTEN, GIOITINH, NGAYSINH, SDT, EMAIL, CHUCVU, MATAIKHOAN) VALUES (2, N'Lê Quản Lý', 'Nam', TO_DATE('1985-05-15', 'YYYY-MM-DD'), '0900000002', 'quanly1@thpt.edu.vn', 'Quan ly', 2);
INSERT INTO NHANVIEN (MANHANVIEN, HOTEN, GIOITINH, NGAYSINH, SDT, EMAIL, CHUCVU, MATAIKHOAN) VALUES (3, N'Phạm Kế Toán', 'Nu', TO_DATE('1990-08-20', 'YYYY-MM-DD'), '0900000003', 'ketoan1@thpt.edu.vn', 'Ke toan', 3);
INSERT INTO NHANVIEN (MANHANVIEN, HOTEN, GIOITINH, NGAYSINH, SDT, EMAIL, CHUCVU, MATAIKHOAN) VALUES (4, N'Nguyễn Văn Toán', 'Nam', TO_DATE('1985-02-10', 'YYYY-MM-DD'), '0900000004', 'toan_gv1@thpt.edu.vn', 'Giao vien', 4);
INSERT INTO NHANVIEN (MANHANVIEN, HOTEN, GIOITINH, NGAYSINH, SDT, EMAIL, CHUCVU, MATAIKHOAN) VALUES (5, N'Trần Thị Toán ', 'Nu', TO_DATE('1988-11-22', 'YYYY-MM-DD'), '0900000005', 'toan_gv2@thpt.edu.vn', 'Giao vien', 5);
INSERT INTO NHANVIEN (MANHANVIEN, HOTEN, GIOITINH, NGAYSINH, SDT, EMAIL, CHUCVU, MATAIKHOAN) VALUES (6, N'Lê Ngữ Văn', 'Nu', TO_DATE('1991-03-30', 'YYYY-MM-DD'), '0900000006', 'van_gv1@thpt.edu.vn', 'Giao vien', 6);
INSERT INTO NHANVIEN (MANHANVIEN, HOTEN, GIOITINH, NGAYSINH, SDT, EMAIL, CHUCVU, MATAIKHOAN) VALUES (7, N'Phạm Hoàng Văn', 'Nam', TO_DATE('1989-07-15', 'YYYY-MM-DD'), '0900000007', 'van_gv2@thpt.edu.vn', 'Giao vien', 7);
INSERT INTO NHANVIEN (MANHANVIEN, HOTEN, GIOITINH, NGAYSINH, SDT, EMAIL, CHUCVU, MATAIKHOAN) VALUES (8, N'Hoàng Tiến Anh', 'Nu', TO_DATE('1993-09-05', 'YYYY-MM-DD'), '0900000008', 'anhvan_gv1@thpt.edu.vn', 'Giao vien', 8);
INSERT INTO NHANVIEN (MANHANVIEN, HOTEN, GIOITINH, NGAYSINH, SDT, EMAIL, CHUCVU, MATAIKHOAN) VALUES (9, N'Hoàng Thị Anh', 'Nu', TO_DATE('1983-09-05', 'YYYY-MM-DD'), '0900000010', 'anhvan_gv2@thpt.edu.vn', 'Giao vien', 9);

-- 1.5. Bảng GIAOVIEN
INSERT INTO GIAOVIEN (MAGIAOVIEN, MANHANVIEN, MABOMON, BANGCAP, TRANGTHAI) VALUES (1, 4, 1, N'Thạc sĩ Sư phạm Toán Học', 'Dang day');
INSERT INTO GIAOVIEN (MAGIAOVIEN, MANHANVIEN, MABOMON, BANGCAP, TRANGTHAI) VALUES (2, 5, 1, N'Cử nhân Sư phạm Toán học', 'Dang day');
INSERT INTO GIAOVIEN (MAGIAOVIEN, MANHANVIEN, MABOMON, BANGCAP, TRANGTHAI) VALUES (3, 6, 2, N'Cử nhân Ngữ Văn', 'Dang day');
INSERT INTO GIAOVIEN (MAGIAOVIEN, MANHANVIEN, MABOMON, BANGCAP, TRANGTHAI) VALUES (4, 7, 2, N'Cử nhân Ngữ Văn', 'Dang day');
INSERT INTO GIAOVIEN (MAGIAOVIEN, MANHANVIEN, MABOMON, BANGCAP, TRANGTHAI) VALUES (5, 8, 3, N'Thạc sĩ Tiếng Anh', 'Dang day');
INSERT INTO GIAOVIEN (MAGIAOVIEN, MANHANVIEN, MABOMON, BANGCAP, TRANGTHAI) VALUES (6, 9, 3, N'Thạc sĩ Tiếng Anh', 'Dang day');

COMMIT;

-- 1.6. Bảng HOCVIEN (Học sinh THPT) --> 121 học viên
INSERT INTO HOCVIEN (MAHOCVIEN, MATAIKHOAN, HOTEN, NGAYSINH, GIOITINH, DIACHI, SDT, EMAIL) VALUES (1, 10, N'Học Sinh A', TO_DATE('2008-01-15', 'YYYY-MM-DD'), 'Nam', N'Q1, TP.HCM', '0911111111', 'hsa@gmail.com');
INSERT INTO HOCVIEN (MAHOCVIEN, MATAIKHOAN, HOTEN, NGAYSINH, GIOITINH, DIACHI, SDT, EMAIL) VALUES (2, 11, N'Học Sinh B', TO_DATE('2007-05-20', 'YYYY-MM-DD'), 'Nam', N'Q2, TP.HCM', '0922222222', 'hsb@gmail.com');
INSERT INTO HOCVIEN (MAHOCVIEN, MATAIKHOAN, HOTEN, NGAYSINH, GIOITINH, DIACHI, SDT, EMAIL) VALUES (3, 12, N'Học Sinh C', TO_DATE('2008-10-10', 'YYYY-MM-DD'), 'Nu', N'Q3, TP.HCM', '0933333333', 'hsc@gmail.com');
INSERT INTO HOCVIEN (MAHOCVIEN, MATAIKHOAN, HOTEN, NGAYSINH, GIOITINH, DIACHI, SDT, EMAIL) VALUES (4, 13, N'Học Sinh D', TO_DATE('2006-12-05', 'YYYY-MM-DD'), 'Nam', N'Q4, TP.HCM', '0944444444', 'hsd@gmail.com');
INSERT INTO HOCVIEN (MAHOCVIEN, MATAIKHOAN, HOTEN, NGAYSINH, GIOITINH, DIACHI, SDT, EMAIL) VALUES (5, 14, N'Học Sinh E', TO_DATE('2007-08-25', 'YYYY-MM-DD'), 'Nu', N'Q5, TP.HCM', '0955555555', 'hse@gmail.com');

ALTER SESSION SET NLS_DATE_FORMAT = 'YYYY-MM-DD';
ALTER SESSION SET NLS_TIMESTAMP_FORMAT = 'YYYY-MM-DD HH24:MI:SS';

insert into HOCVIEN (MAHOCVIEN, MATAIKHOAN, HOTEN, NGAYSINH, GIOITINH, DIACHI, SDT, EMAIL) values (6, 15, 'Hoang Anh H', '2007-05-21', 'Nu', 'District 3', '9939683875', 'mvictoria0@homestead.com');
insert into HOCVIEN (MAHOCVIEN, MATAIKHOAN, HOTEN, NGAYSINH, GIOITINH, DIACHI, SDT, EMAIL) values (7, 16, 'Doan Tuan F', '2007-05-24', 'Nu', 'Ho Chi Minh City', '4575256005', 'pgoede1@yolasite.com');
insert into HOCVIEN (MAHOCVIEN, MATAIKHOAN, HOTEN, NGAYSINH, GIOITINH, DIACHI, SDT, EMAIL) values (8, 17, 'Tran Thi B', '2007-09-17', 'Nu', '123 Nguyen Hue Street', '1746719551', 'wcripps2@state.gov');
insert into HOCVIEN (MAHOCVIEN, MATAIKHOAN, HOTEN, NGAYSINH, GIOITINH, DIACHI, SDT, EMAIL) values (9, 18, 'Pham Hoang D', '2007-07-31', 'Nu', '789 Tran Hung Dao Avenue', '1136898531', 'kwakley3@hatena.ne.jp');
insert into HOCVIEN (MAHOCVIEN, MATAIKHOAN, HOTEN, NGAYSINH, GIOITINH, DIACHI, SDT, EMAIL) values (10, 19, 'Tran Thi B', '2007-06-27', 'Nu', 'Ho Chi Minh City', '3949522944', 'gespinola4@google.nl');
insert into HOCVIEN (MAHOCVIEN, MATAIKHOAN, HOTEN, NGAYSINH, GIOITINH, DIACHI, SDT, EMAIL) values (11, 20, 'Bui Ngoc G', '2007-01-25', 'Nu', 'Ho Chi Minh City', '4235205715', 'khenmarsh5@craigslist.org');
insert into HOCVIEN (MAHOCVIEN, MATAIKHOAN, HOTEN, NGAYSINH, GIOITINH, DIACHI, SDT, EMAIL) values (12, 21, 'Hoang Anh H', '2007-04-17', 'Nam', 'District 5', '8075017750', 'fdunge6@forbes.com');
insert into HOCVIEN (MAHOCVIEN, MATAIKHOAN, HOTEN, NGAYSINH, GIOITINH, DIACHI, SDT, EMAIL) values (13, 22, 'Vo Thanh E', '2007-08-29', 'Nam', 'District 3', '1817945890', 'kstoeck7@slideshare.net');
insert into HOCVIEN (MAHOCVIEN, MATAIKHOAN, HOTEN, NGAYSINH, GIOITINH, DIACHI, SDT, EMAIL) values (14, 23, 'Tran Thi B', '2007-05-30', 'Nu', '456 Le Loi Boulevard', '9514881867', 'hevason8@chron.com');
insert into HOCVIEN (MAHOCVIEN, MATAIKHOAN, HOTEN, NGAYSINH, GIOITINH, DIACHI, SDT, EMAIL) values (15, 24, 'Tran Thi B', '2007-06-04', 'Nu', 'Ho Chi Minh City', '6271388456', 'nclawsley9@phpbb.com');
insert into HOCVIEN (MAHOCVIEN, MATAIKHOAN, HOTEN, NGAYSINH, GIOITINH, DIACHI, SDT, EMAIL) values (16, 25, 'Pham Hoang D', '2007-05-11', 'Nu', 'Ho Chi Minh City', '1963362398', 'thamsteada@huffingtonpost.com');
insert into HOCVIEN (MAHOCVIEN, MATAIKHOAN, HOTEN, NGAYSINH, GIOITINH, DIACHI, SDT, EMAIL) values (17, 26, 'Vo Thanh E', '2007-09-04', 'Nu', 'Ho Chi Minh City', '8139254944', 'bfowlieb@unc.edu');
insert into HOCVIEN (MAHOCVIEN, MATAIKHOAN, HOTEN, NGAYSINH, GIOITINH, DIACHI, SDT, EMAIL) values (18, 27, 'Dang Huy J', '2007-08-30', 'Nu', 'District 1', '8625178779', 'rmateevc@ameblo.jp');
insert into HOCVIEN (MAHOCVIEN, MATAIKHOAN, HOTEN, NGAYSINH, GIOITINH, DIACHI, SDT, EMAIL) values (19, 28, 'Ngo Quang I', '2007-05-17', 'Nam', '123 Nguyen Hue Street', '8987288927', 'fjoriotd@prnewswire.com');
insert into HOCVIEN (MAHOCVIEN, MATAIKHOAN, HOTEN, NGAYSINH, GIOITINH, DIACHI, SDT, EMAIL) values (20, 29, 'Doan Tuan F', '2007-12-20', 'Nu', '456 Le Loi Boulevard', '2077860754', 'ygensavagee@tinypic.com');
insert into HOCVIEN (MAHOCVIEN, MATAIKHOAN, HOTEN, NGAYSINH, GIOITINH, DIACHI, SDT, EMAIL) values (21, 30, 'Pham Hoang D', '2007-05-21', 'Nu', 'Ho Chi Minh City', '5641014188', 'kfellsf@cbslocal.com');
insert into HOCVIEN (MAHOCVIEN, MATAIKHOAN, HOTEN, NGAYSINH, GIOITINH, DIACHI, SDT, EMAIL) values (22, 31, 'Tran Thi B', '2007-06-23', 'Nam', 'District 3', '2734158348', 'scuniffeg@google.ru');
insert into HOCVIEN (MAHOCVIEN, MATAIKHOAN, HOTEN, NGAYSINH, GIOITINH, DIACHI, SDT, EMAIL) values (23, 32, 'Dang Huy J', '2007-09-02', 'Nam', '456 Le Loi Boulevard', '6436936208', 'sespadah@about.me');
insert into HOCVIEN (MAHOCVIEN, MATAIKHOAN, HOTEN, NGAYSINH, GIOITINH, DIACHI, SDT, EMAIL) values (24, 33, 'Doan Tuan F', '2007-07-09', 'Nam', 'Ho Chi Minh City', '3301054394', 'afullerdi@washington.edu');
insert into HOCVIEN (MAHOCVIEN, MATAIKHOAN, HOTEN, NGAYSINH, GIOITINH, DIACHI, SDT, EMAIL) values (25, 34, 'Pham Hoang D', '2007-11-23', 'Nu', '789 Tran Hung Dao Avenue', '4011640323', 'hhookj@4shared.com');
insert into HOCVIEN (MAHOCVIEN, MATAIKHOAN, HOTEN, NGAYSINH, GIOITINH, DIACHI, SDT, EMAIL) values (26, 35, 'Vo Thanh E', '2007-10-09', 'Nu', 'Ho Chi Minh City', '4411439592', 'jpostinsk@google.com.au');
insert into HOCVIEN (MAHOCVIEN, MATAIKHOAN, HOTEN, NGAYSINH, GIOITINH, DIACHI, SDT, EMAIL) values (27, 36, 'Tran Thi B', '2007-10-29', 'Nam', 'Ho Chi Minh City', '2919518133', 'kdeblasiol@github.io');
insert into HOCVIEN (MAHOCVIEN, MATAIKHOAN, HOTEN, NGAYSINH, GIOITINH, DIACHI, SDT, EMAIL) values (28, 37, 'Pham Hoang D', '2007-09-27', 'Nu', 'Ho Chi Minh City', '7275596767', 'harndtm@posterous.com');
insert into HOCVIEN (MAHOCVIEN, MATAIKHOAN, HOTEN, NGAYSINH, GIOITINH, DIACHI, SDT, EMAIL) values (29, 38, 'Le Minh C', '2007-01-19', 'Nam', 'District 3', '6939187611', 'rlemmenn@behance.net');
insert into HOCVIEN (MAHOCVIEN, MATAIKHOAN, HOTEN, NGAYSINH, GIOITINH, DIACHI, SDT, EMAIL) values (30, 39, 'Vo Thanh E', '2007-08-07', 'Nam', 'Ho Chi Minh City', '2552417874', 'djacobowitzo@cbc.ca');
insert into HOCVIEN (MAHOCVIEN, MATAIKHOAN, HOTEN, NGAYSINH, GIOITINH, DIACHI, SDT, EMAIL) values (31, 40, 'Vo Thanh E', '2007-09-10', 'Nu', '123 Nguyen Hue Street', '5095442514', 'pperisp@accuweather.com');
insert into HOCVIEN (MAHOCVIEN, MATAIKHOAN, HOTEN, NGAYSINH, GIOITINH, DIACHI, SDT, EMAIL) values (32, 41, 'Doan Tuan F', '2007-11-17', 'Nam', '456 Le Loi Boulevard', '8747864310', 'tbonnetq@amazonaws.com');
insert into HOCVIEN (MAHOCVIEN, MATAIKHOAN, HOTEN, NGAYSINH, GIOITINH, DIACHI, SDT, EMAIL) values (33, 42, 'Dang Huy J', '2007-09-30', 'Nam', '789 Tran Hung Dao Avenue', '8194199691', 'spohlr@nsw.gov.au');
insert into HOCVIEN (MAHOCVIEN, MATAIKHOAN, HOTEN, NGAYSINH, GIOITINH, DIACHI, SDT, EMAIL) values (34, 43, 'Tran Thi B', '2007-11-17', 'Nam', 'District 5', '5354097304', 'wplaistowes@craigslist.org');
insert into HOCVIEN (MAHOCVIEN, MATAIKHOAN, HOTEN, NGAYSINH, GIOITINH, DIACHI, SDT, EMAIL) values (35, 44, 'Bui Ngoc G', '2007-09-17', 'Nu', '1010 Pham Ngu Lao Street', '9342590126', 'bcreakt@e-recht24.de');
insert into HOCVIEN (MAHOCVIEN, MATAIKHOAN, HOTEN, NGAYSINH, GIOITINH, DIACHI, SDT, EMAIL) values (36, 45, 'Vo Thanh E', '2007-08-08', 'Nu', '1313 Vo Van Tan Street', '9174255840', 'hstyanu@jiathis.com');
insert into HOCVIEN (MAHOCVIEN, MATAIKHOAN, HOTEN, NGAYSINH, GIOITINH, DIACHI, SDT, EMAIL) values (37, 46, 'Doan Tuan F', '2007-05-07', 'Nu', 'District 10', '1338312361', 'cbridgemanv@nasa.gov');
insert into HOCVIEN (MAHOCVIEN, MATAIKHOAN, HOTEN, NGAYSINH, GIOITINH, DIACHI, SDT, EMAIL) values (38, 47, 'Pham Hoang D', '2007-01-06', 'Nu', '789 Tran Hung Dao Avenue', '7322577040', 'fgibbinw@bing.com');
insert into HOCVIEN (MAHOCVIEN, MATAIKHOAN, HOTEN, NGAYSINH, GIOITINH, DIACHI, SDT, EMAIL) values (39, 48, 'Doan Tuan F', '2007-02-23', 'Nu', 'Ho Chi Minh City', '9522074239', 'rbruggemanx@sfgate.com');
insert into HOCVIEN (MAHOCVIEN, MATAIKHOAN, HOTEN, NGAYSINH, GIOITINH, DIACHI, SDT, EMAIL) values (40, 49, 'Nguyen Van A', '2007-12-02', 'Nu', 'District 3', '2676967543', 'jsoutherny@unblog.fr');
insert into HOCVIEN (MAHOCVIEN, MATAIKHOAN, HOTEN, NGAYSINH, GIOITINH, DIACHI, SDT, EMAIL) values (41, 50, 'Doan Tuan F', '2007-02-28', 'Nam', '1010 Pham Ngu Lao Street', '2543925130', 'dburlingamez@a8.net');
insert into HOCVIEN (MAHOCVIEN, MATAIKHOAN, HOTEN, NGAYSINH, GIOITINH, DIACHI, SDT, EMAIL) values (42, 51, 'Nguyen Van A', '2007-01-21', 'Nam', '789 Tran Hung Dao Avenue', '2957838853', 'afernandes10@tinypic.com');
insert into HOCVIEN (MAHOCVIEN, MATAIKHOAN, HOTEN, NGAYSINH, GIOITINH, DIACHI, SDT, EMAIL) values (43, 52, 'Tran Thi B', '2007-07-30', 'Nam', 'District 3', '3705487344', 'olotze11@statcounter.com');
insert into HOCVIEN (MAHOCVIEN, MATAIKHOAN, HOTEN, NGAYSINH, GIOITINH, DIACHI, SDT, EMAIL) values (44, 53, 'Tran Thi B', '2007-08-23', 'Nam', '123 Nguyen Hue Street', '6781083242', 'rsokell12@patch.com');
insert into HOCVIEN (MAHOCVIEN, MATAIKHOAN, HOTEN, NGAYSINH, GIOITINH, DIACHI, SDT, EMAIL) values (45, 54, 'Le Minh C', '2007-07-03', 'Nam', 'District 1', '6846811314', 'hbiernacki13@blogtalkradio.com');
insert into HOCVIEN (MAHOCVIEN, MATAIKHOAN, HOTEN, NGAYSINH, GIOITINH, DIACHI, SDT, EMAIL) values (46, 55, 'Tran Thi B', '2007-10-25', 'Nam', 'District 1', '8009527635', 'mabbatini14@whitehouse.gov');
insert into HOCVIEN (MAHOCVIEN, MATAIKHOAN, HOTEN, NGAYSINH, GIOITINH, DIACHI, SDT, EMAIL) values (47, 56, 'Vo Thanh E', '2007-07-24', 'Nam', 'Ho Chi Minh City', '1175106539', 'rmacaloren15@comcast.net');
insert into HOCVIEN (MAHOCVIEN, MATAIKHOAN, HOTEN, NGAYSINH, GIOITINH, DIACHI, SDT, EMAIL) values (48, 57, 'Ngo Quang I', '2007-03-07', 'Nam', 'District 1', '4978916407', 'achiverton16@goo.ne.jp');
insert into HOCVIEN (MAHOCVIEN, MATAIKHOAN, HOTEN, NGAYSINH, GIOITINH, DIACHI, SDT, EMAIL) values (49, 58, 'Hoang Anh H', '2007-07-24', 'Nam', 'District 3', '6819139379', 'dgurney17@cafepress.com');
insert into HOCVIEN (MAHOCVIEN, MATAIKHOAN, HOTEN, NGAYSINH, GIOITINH, DIACHI, SDT, EMAIL) values (50, 59, 'Tran Thi B', '2007-05-13', 'Nam', '789 Tran Hung Dao Avenue', '4249925582', 'cjoscelin18@archive.org');
insert into HOCVIEN (MAHOCVIEN, MATAIKHOAN, HOTEN, NGAYSINH, GIOITINH, DIACHI, SDT, EMAIL) values (51, 60, 'Hoang Anh H', '2007-03-23', 'Nam', 'Ho Chi Minh City', '3969727352', 'rworgan19@moonfruit.com');
insert into HOCVIEN (MAHOCVIEN, MATAIKHOAN, HOTEN, NGAYSINH, GIOITINH, DIACHI, SDT, EMAIL) values (52, 61, 'Bui Ngoc G', '2007-09-10', 'Nu', 'Ho Chi Minh City', '6839493554', 'dbarhems1a@dell.com');
insert into HOCVIEN (MAHOCVIEN, MATAIKHOAN, HOTEN, NGAYSINH, GIOITINH, DIACHI, SDT, EMAIL) values (53, 62, 'Hoang Anh H', '2007-04-16', 'Nu', 'District 3', '1869861382', 'nerasmus1b@pen.io');
insert into HOCVIEN (MAHOCVIEN, MATAIKHOAN, HOTEN, NGAYSINH, GIOITINH, DIACHI, SDT, EMAIL) values (54, 63, 'Vo Thanh E', '2007-10-23', 'Nam', 'Ho Chi Minh City', '4903709858', 'lmaccawley1c@java.com');
insert into HOCVIEN (MAHOCVIEN, MATAIKHOAN, HOTEN, NGAYSINH, GIOITINH, DIACHI, SDT, EMAIL) values (55, 64, 'Dang Huy J', '2007-01-27', 'Nam', '1010 Pham Ngu Lao Street', '9356617905', 'sfunnell1d@washingtonpost.com');
insert into HOCVIEN (MAHOCVIEN, MATAIKHOAN, HOTEN, NGAYSINH, GIOITINH, DIACHI, SDT, EMAIL) values (56, 65, 'Doan Tuan F', '2007-12-12', 'Nu', 'District 5', '4844814963', 'gbowgen1e@behance.net');
insert into HOCVIEN (MAHOCVIEN, MATAIKHOAN, HOTEN, NGAYSINH, GIOITINH, DIACHI, SDT, EMAIL) values (57, 66, 'Vo Thanh E', '2007-09-09', 'Nu', '789 Tran Hung Dao Avenue', '3527045791', 'ksegar1f@ihg.com');
insert into HOCVIEN (MAHOCVIEN, MATAIKHOAN, HOTEN, NGAYSINH, GIOITINH, DIACHI, SDT, EMAIL) values (58, 67, 'Ngo Quang I', '2007-07-11', 'Nam', 'District 5', '8754571256', 'dpreece1g@seesaa.net');
insert into HOCVIEN (MAHOCVIEN, MATAIKHOAN, HOTEN, NGAYSINH, GIOITINH, DIACHI, SDT, EMAIL) values (59, 68, 'Bui Ngoc G', '2007-11-12', 'Nu', 'Ho Chi Minh City', '9697285524', 'vbothie1h@hexun.com');
insert into HOCVIEN (MAHOCVIEN, MATAIKHOAN, HOTEN, NGAYSINH, GIOITINH, DIACHI, SDT, EMAIL) values (60, 69, 'Hoang Anh H', '2007-02-21', 'Nam', '1010 Pham Ngu Lao Street', '2665337563', 'ldiclaudio1i@qq.com');
insert into HOCVIEN (MAHOCVIEN, MATAIKHOAN, HOTEN, NGAYSINH, GIOITINH, DIACHI, SDT, EMAIL) values (61, 70, 'Pham Hoang D', '2007-05-10', 'Nu', 'Ho Chi Minh City', '2928421033', 'lluckes1j@yellowpages.com');
insert into HOCVIEN (MAHOCVIEN, MATAIKHOAN, HOTEN, NGAYSINH, GIOITINH, DIACHI, SDT, EMAIL) values (62, 71, 'Doan Tuan F', '2007-04-08', 'Nam', 'District 10', '2192758491', 'greeme1k@feedburner.com');
insert into HOCVIEN (MAHOCVIEN, MATAIKHOAN, HOTEN, NGAYSINH, GIOITINH, DIACHI, SDT, EMAIL) values (63, 72, 'Bui Ngoc G', '2007-04-01', 'Nu', '1313 Vo Van Tan Street', '5281746944', 'cseeney1l@mlb.com');
insert into HOCVIEN (MAHOCVIEN, MATAIKHOAN, HOTEN, NGAYSINH, GIOITINH, DIACHI, SDT, EMAIL) values (64, 73, 'Doan Tuan F', '2007-06-19', 'Nu', 'District 5', '1396903055', 'danster1m@discovery.com');
insert into HOCVIEN (MAHOCVIEN, MATAIKHOAN, HOTEN, NGAYSINH, GIOITINH, DIACHI, SDT, EMAIL) values (65, 74, 'Dang Huy J', '2007-01-10', 'Nam', 'District 3', '9242694753', 'amartell1n@wp.com');
insert into HOCVIEN (MAHOCVIEN, MATAIKHOAN, HOTEN, NGAYSINH, GIOITINH, DIACHI, SDT, EMAIL) values (66, 75, 'Ngo Quang I', '2007-04-20', 'Nu', 'Ho Chi Minh City', '8372676422', 'halejo1o@4shared.com');
insert into HOCVIEN (MAHOCVIEN, MATAIKHOAN, HOTEN, NGAYSINH, GIOITINH, DIACHI, SDT, EMAIL) values (67, 76, 'Ngo Quang I', '2007-02-23', 'Nu', 'Ho Chi Minh City', '5733681754', 'osewart1p@nasa.gov');
insert into HOCVIEN (MAHOCVIEN, MATAIKHOAN, HOTEN, NGAYSINH, GIOITINH, DIACHI, SDT, EMAIL) values (68, 77, 'Dang Huy J', '2007-06-10', 'Nu', '789 Tran Hung Dao Avenue', '4351213040', 'flaborde1q@mapy.cz');
insert into HOCVIEN (MAHOCVIEN, MATAIKHOAN, HOTEN, NGAYSINH, GIOITINH, DIACHI, SDT, EMAIL) values (69, 78, 'Dang Huy J', '2007-04-03', 'Nam', '456 Le Loi Boulevard', '5801878813', 'rpembridge1r@marriott.com');
insert into HOCVIEN (MAHOCVIEN, MATAIKHOAN, HOTEN, NGAYSINH, GIOITINH, DIACHI, SDT, EMAIL) values (70, 79, 'Ngo Quang I', '2007-07-18', 'Nu', '1313 Vo Van Tan Street', '7512290101', 'mscrowton1s@printfriendly.com');
insert into HOCVIEN (MAHOCVIEN, MATAIKHOAN, HOTEN, NGAYSINH, GIOITINH, DIACHI, SDT, EMAIL) values (71, 80, 'Pham Hoang D', '2007-03-31', 'Nu', 'District 1', '5463779592', 'avany1t@unblog.fr');
insert into HOCVIEN (MAHOCVIEN, MATAIKHOAN, HOTEN, NGAYSINH, GIOITINH, DIACHI, SDT, EMAIL) values (72, 81, 'Ngo Quang I', '2007-07-25', 'Nu', 'District 5', '9495859353', 'ieardley1u@shop-pro.jp');
insert into HOCVIEN (MAHOCVIEN, MATAIKHOAN, HOTEN, NGAYSINH, GIOITINH, DIACHI, SDT, EMAIL) values (73, 82, 'Tran Thi B', '2007-09-25', 'Nu', 'District 3', '7384120658', 'acinavas1v@gravatar.com');
insert into HOCVIEN (MAHOCVIEN, MATAIKHOAN, HOTEN, NGAYSINH, GIOITINH, DIACHI, SDT, EMAIL) values (74, 83, 'Le Minh C', '2007-08-15', 'Nam', 'Ho Chi Minh City', '4737330098', 'oselborne1w@usda.gov');
insert into HOCVIEN (MAHOCVIEN, MATAIKHOAN, HOTEN, NGAYSINH, GIOITINH, DIACHI, SDT, EMAIL) values (75, 84, 'Pham Hoang D', '2007-01-12', 'Nu', 'District 3', '9762778554', 'gbuckhurst1x@vistaprint.com');
insert into HOCVIEN (MAHOCVIEN, MATAIKHOAN, HOTEN, NGAYSINH, GIOITINH, DIACHI, SDT, EMAIL) values (76, 85, 'Dang Huy J', '2007-04-26', 'Nu', 'District 1', '9073164128', 'igieves1y@harvard.edu');
insert into HOCVIEN (MAHOCVIEN, MATAIKHOAN, HOTEN, NGAYSINH, GIOITINH, DIACHI, SDT, EMAIL) values (77, 86, 'Pham Hoang D', '2007-07-17', 'Nu', '789 Tran Hung Dao Avenue', '4647914228', 'smawd1z@nyu.edu');
insert into HOCVIEN (MAHOCVIEN, MATAIKHOAN, HOTEN, NGAYSINH, GIOITINH, DIACHI, SDT, EMAIL) values (78, 87, 'Bui Ngoc G', '2007-10-12', 'Nu', '456 Le Loi Boulevard', '9803981675', 'danstie20@bluehost.com');
insert into HOCVIEN (MAHOCVIEN, MATAIKHOAN, HOTEN, NGAYSINH, GIOITINH, DIACHI, SDT, EMAIL) values (79, 88, 'Vo Thanh E', '2007-11-08', 'Nam', 'District 5', '4399458548', 'ccallcott21@umich.edu');
insert into HOCVIEN (MAHOCVIEN, MATAIKHOAN, HOTEN, NGAYSINH, GIOITINH, DIACHI, SDT, EMAIL) values (80, 89, 'Le Minh C', '2007-03-28', 'Nam', 'District 5', '9394104241', 'nsteanyng22@home.pl');
insert into HOCVIEN (MAHOCVIEN, MATAIKHOAN, HOTEN, NGAYSINH, GIOITINH, DIACHI, SDT, EMAIL) values (81, 90, 'Vo Thanh E', '2007-01-10', 'Nam', 'Ho Chi Minh City', '6451052490', 'lmourant23@dagondesign.com');
insert into HOCVIEN (MAHOCVIEN, MATAIKHOAN, HOTEN, NGAYSINH, GIOITINH, DIACHI, SDT, EMAIL) values (82, 91, 'Dang Huy J', '2007-12-18', 'Nu', '1010 Pham Ngu Lao Street', '1568189128', 'hmattingley24@google.es');
insert into HOCVIEN (MAHOCVIEN, MATAIKHOAN, HOTEN, NGAYSINH, GIOITINH, DIACHI, SDT, EMAIL) values (83, 92, 'Doan Tuan F', '2007-04-22', 'Nu', 'Ho Chi Minh City', '5444783578', 'darstingall25@tinypic.com');
insert into HOCVIEN (MAHOCVIEN, MATAIKHOAN, HOTEN, NGAYSINH, GIOITINH, DIACHI, SDT, EMAIL) values (84, 93, 'Ngo Quang I', '2007-11-04', 'Nu', '1313 Vo Van Tan Street', '7845610412', 'ctemby26@sfgate.com');
insert into HOCVIEN (MAHOCVIEN, MATAIKHOAN, HOTEN, NGAYSINH, GIOITINH, DIACHI, SDT, EMAIL) values (85, 94, 'Bui Ngoc G', '2007-09-20', 'Nu', 'Ho Chi Minh City', '7183616808', 'elorincz27@free.fr');
insert into HOCVIEN (MAHOCVIEN, MATAIKHOAN, HOTEN, NGAYSINH, GIOITINH, DIACHI, SDT, EMAIL) values (86, 95, 'Hoang Anh H', '2007-06-07', 'Nu', 'Ho Chi Minh City', '5516238596', 'dmawby28@nasa.gov');
insert into HOCVIEN (MAHOCVIEN, MATAIKHOAN, HOTEN, NGAYSINH, GIOITINH, DIACHI, SDT, EMAIL) values (87, 96, 'Ngo Quang I', '2007-07-04', 'Nu', 'Ho Chi Minh City', '8658819198', 'lbulteel29@shinystat.com');
insert into HOCVIEN (MAHOCVIEN, MATAIKHOAN, HOTEN, NGAYSINH, GIOITINH, DIACHI, SDT, EMAIL) values (88, 97, 'Le Minh C', '2007-02-14', 'Nu', 'Ho Chi Minh City', '8061493287', 'abevens2a@weather.com');
insert into HOCVIEN (MAHOCVIEN, MATAIKHOAN, HOTEN, NGAYSINH, GIOITINH, DIACHI, SDT, EMAIL) values (89, 98, 'Dang Huy J', '2007-03-11', 'Nu', 'Ho Chi Minh City', '2164349956', 'dsteed2b@sciencedirect.com');
insert into HOCVIEN (MAHOCVIEN, MATAIKHOAN, HOTEN, NGAYSINH, GIOITINH, DIACHI, SDT, EMAIL) values (90, 99, 'Vo Thanh E', '2007-04-05', 'Nu', 'Ho Chi Minh City', '5384469703', 'pjoslyn2c@cbc.ca');
insert into HOCVIEN (MAHOCVIEN, MATAIKHOAN, HOTEN, NGAYSINH, GIOITINH, DIACHI, SDT, EMAIL) values (91, 100, 'Nguyen Van A', '2007-02-23', 'Nam', 'District 10', '3873962589', 'lmcneilley2d@indiatimes.com');
insert into HOCVIEN (MAHOCVIEN, MATAIKHOAN, HOTEN, NGAYSINH, GIOITINH, DIACHI, SDT, EMAIL) values (92, 101, 'Doan Tuan F', '2007-06-10', 'Nu', 'Ho Chi Minh City', '6944396912', 'eappleby2e@slashdot.org');
insert into HOCVIEN (MAHOCVIEN, MATAIKHOAN, HOTEN, NGAYSINH, GIOITINH, DIACHI, SDT, EMAIL) values (93, 102, 'Pham Hoang D', '2007-08-10', 'Nu', '123 Nguyen Hue Street', '8129062961', 'gleake2f@wix.com');
insert into HOCVIEN (MAHOCVIEN, MATAIKHOAN, HOTEN, NGAYSINH, GIOITINH, DIACHI, SDT, EMAIL) values (94, 103, 'Le Minh C', '2007-08-20', 'Nu', 'District 5', '3392710007', 'ccrucitti2g@upenn.edu');
insert into HOCVIEN (MAHOCVIEN, MATAIKHOAN, HOTEN, NGAYSINH, GIOITINH, DIACHI, SDT, EMAIL) values (95, 104, 'Tran Thi B', '2007-05-29', 'Nam', 'District 5', '5766787205', 'tpepper2h@dailymotion.com');
insert into HOCVIEN (MAHOCVIEN, MATAIKHOAN, HOTEN, NGAYSINH, GIOITINH, DIACHI, SDT, EMAIL) values (96, 105, 'Hoang Anh H', '2007-10-11', 'Nam', '123 Nguyen Hue Street', '7643338358', 'nwiddowes2i@jimdo.com');
insert into HOCVIEN (MAHOCVIEN, MATAIKHOAN, HOTEN, NGAYSINH, GIOITINH, DIACHI, SDT, EMAIL) values (97, 106, 'Hoang Anh H', '2007-04-20', 'Nu', 'District 5', '3869463280', 'tellick2j@shareasale.com');
insert into HOCVIEN (MAHOCVIEN, MATAIKHOAN, HOTEN, NGAYSINH, GIOITINH, DIACHI, SDT, EMAIL) values (98, 107, 'Tran Thi B', '2007-09-25', 'Nu', 'Ho Chi Minh City', '7961364936', 'afortye2k@un.org');
insert into HOCVIEN (MAHOCVIEN, MATAIKHOAN, HOTEN, NGAYSINH, GIOITINH, DIACHI, SDT, EMAIL) values (99, 108, 'Ngo Quang I', '2007-06-29', 'Nu', 'Ho Chi Minh City', '1795232457', 'bpidgley2l@msu.edu');
insert into HOCVIEN (MAHOCVIEN, MATAIKHOAN, HOTEN, NGAYSINH, GIOITINH, DIACHI, SDT, EMAIL) values (100, 109, 'Le Minh C', '2007-05-26', 'Nam', 'District 1', '5875235665', 'ihanington2m@reuters.com');
insert into HOCVIEN (MAHOCVIEN, MATAIKHOAN, HOTEN, NGAYSINH, GIOITINH, DIACHI, SDT, EMAIL) values (101, 110, 'Ngo Quang I', '2007-06-15', 'Nam', 'District 5', '3727253306', 'fdavidsen2n@fc2.com');
insert into HOCVIEN (MAHOCVIEN, MATAIKHOAN, HOTEN, NGAYSINH, GIOITINH, DIACHI, SDT, EMAIL) values (102, 111, 'Vo Thanh E', '2007-01-26', 'Nu', 'Ho Chi Minh City', '8497519587', 'nromke2o@so-net.ne.jp');
insert into HOCVIEN (MAHOCVIEN, MATAIKHOAN, HOTEN, NGAYSINH, GIOITINH, DIACHI, SDT, EMAIL) values (103, 112, 'Le Minh C', '2007-08-24', 'Nam', '1313 Vo Van Tan Street', '1521415122', 'ganney2p@slate.com');
insert into HOCVIEN (MAHOCVIEN, MATAIKHOAN, HOTEN, NGAYSINH, GIOITINH, DIACHI, SDT, EMAIL) values (104, 113, 'Le Minh C', '2007-06-27', 'Nu', 'District 3', '2094635286', 'ecleminson2q@nhs.uk');
insert into HOCVIEN (MAHOCVIEN, MATAIKHOAN, HOTEN, NGAYSINH, GIOITINH, DIACHI, SDT, EMAIL) values (105, 114, 'Doan Tuan F', '2007-03-06', 'Nam', '456 Le Loi Boulevard', '1375749955', 'dgreville2r@cyberchimps.com');
insert into HOCVIEN (MAHOCVIEN, MATAIKHOAN, HOTEN, NGAYSINH, GIOITINH, DIACHI, SDT, EMAIL) values (106, 115, 'Hoang Anh H', '2007-07-27', 'Nu', 'District 1', '7943001932', 'ckemson2s@utexas.edu');
insert into HOCVIEN (MAHOCVIEN, MATAIKHOAN, HOTEN, NGAYSINH, GIOITINH, DIACHI, SDT, EMAIL) values (107, 116, 'Vo Thanh E', '2007-09-10', 'Nu', 'Ho Chi Minh City', '8075188816', 'ayedy2t@paypal.com');
insert into HOCVIEN (MAHOCVIEN, MATAIKHOAN, HOTEN, NGAYSINH, GIOITINH, DIACHI, SDT, EMAIL) values (108, 117, 'Ngo Quang I', '2007-04-10', 'Nu', '789 Tran Hung Dao Avenue', '5238334879', 'ybrafferton2u@trellian.com');
insert into HOCVIEN (MAHOCVIEN, MATAIKHOAN, HOTEN, NGAYSINH, GIOITINH, DIACHI, SDT, EMAIL) values (109, 118, 'Doan Tuan F', '2007-03-07', 'Nu', 'Ho Chi Minh City', '9196561090', 'abremeyer2v@nytimes.com');
insert into HOCVIEN (MAHOCVIEN, MATAIKHOAN, HOTEN, NGAYSINH, GIOITINH, DIACHI, SDT, EMAIL) values (110, 119, 'Nguyen Van A', '2007-06-10', 'Nu', 'Ho Chi Minh City', '7012541317', 'semery2w@lycos.com');
insert into HOCVIEN (MAHOCVIEN, MATAIKHOAN, HOTEN, NGAYSINH, GIOITINH, DIACHI, SDT, EMAIL) values (111, 120, 'Ngo Quang I', '2007-05-21', 'Nam', 'District 1', '4425172330', 'glampke2x@google.com.br');
insert into HOCVIEN (MAHOCVIEN, MATAIKHOAN, HOTEN, NGAYSINH, GIOITINH, DIACHI, SDT, EMAIL) values (112, 121, 'Doan Tuan F', '2007-11-25', 'Nam', '1010 Pham Ngu Lao Street', '9837363106', 'leborn2y@zdnet.com');
insert into HOCVIEN (MAHOCVIEN, MATAIKHOAN, HOTEN, NGAYSINH, GIOITINH, DIACHI, SDT, EMAIL) values (113, 122, 'Pham Hoang D', '2007-01-15', 'Nam', 'Ho Chi Minh City', '6223680161', 'fbarthelet2z@trellian.com');
insert into HOCVIEN (MAHOCVIEN, MATAIKHOAN, HOTEN, NGAYSINH, GIOITINH, DIACHI, SDT, EMAIL) values (114, 123, 'Bui Ngoc G', '2007-11-05', 'Nu', '123 Nguyen Hue Street', '6862225261', 'epickless30@gizmodo.com');
insert into HOCVIEN (MAHOCVIEN, MATAIKHOAN, HOTEN, NGAYSINH, GIOITINH, DIACHI, SDT, EMAIL) values (115, 124, 'Tran Thi B', '2007-08-14', 'Nu', 'Ho Chi Minh City', '1303757533', 'atipper31@feedburner.com');
insert into HOCVIEN (MAHOCVIEN, MATAIKHOAN, HOTEN, NGAYSINH, GIOITINH, DIACHI, SDT, EMAIL) values (116, 125, 'Bui Ngoc G', '2007-11-25', 'Nam', 'Ho Chi Minh City', '2093397474', 'dolczyk32@cisco.com');
insert into HOCVIEN (MAHOCVIEN, MATAIKHOAN, HOTEN, NGAYSINH, GIOITINH, DIACHI, SDT, EMAIL) values (117, 126, 'Hoang Anh H', '2007-03-13', 'Nu', 'Ho Chi Minh City', '2142704809', 'dlilloe33@unesco.org');
insert into HOCVIEN (MAHOCVIEN, MATAIKHOAN, HOTEN, NGAYSINH, GIOITINH, DIACHI, SDT, EMAIL) values (118, 127, 'Tran Thi B', '2007-10-19', 'Nam', '123 Nguyen Hue Street', '8023775095', 'ebarnby34@ibm.com');
insert into HOCVIEN (MAHOCVIEN, MATAIKHOAN, HOTEN, NGAYSINH, GIOITINH, DIACHI, SDT, EMAIL) values (119, 128, 'Vo Thanh E', '2007-01-04', 'Nu', '1010 Pham Ngu Lao Street', '3086448543', 'kgodbald35@cnet.com');
insert into HOCVIEN (MAHOCVIEN, MATAIKHOAN, HOTEN, NGAYSINH, GIOITINH, DIACHI, SDT, EMAIL) values (120, 129, 'Doan Tuan F', '2007-12-05', 'Nu', 'Ho Chi Minh City', '9799410328', 'ddovydenas36@globo.com');
insert into HOCVIEN (MAHOCVIEN, MATAIKHOAN, HOTEN, NGAYSINH, GIOITINH, DIACHI, SDT, EMAIL) values (121, 130, 'Dang Huy J', '2007-01-24', 'Nu', '1010 Pham Ngu Lao Street', '9554727257', 'hromke37@vk.com');

COMMIT;
-- =========================================================-------------------------------------------------------------------------------------------------------------------------------------------
-- 2. ACADEMIC
-- =========================================================-------------------------------------------------------------------------------------------------------------------------------------------

-- 2.1. Bảng PHONGHOC
INSERT INTO PHONGHOC (MAPHONGHOC, TENPHONG, SUCHUA, TRANGTHAI) VALUES (1, 'P.101', 30, 'San sang');
INSERT INTO PHONGHOC (MAPHONGHOC, TENPHONG, SUCHUA, TRANGTHAI) VALUES (2, 'P.102', 30, 'San sang');
INSERT INTO PHONGHOC (MAPHONGHOC, TENPHONG, SUCHUA, TRANGTHAI) VALUES (3, 'P.201', 30, 'San sang');
INSERT INTO PHONGHOC (MAPHONGHOC, TENPHONG, SUCHUA, TRANGTHAI) VALUES (4, 'P.202', 30, 'San sang');
INSERT INTO PHONGHOC (MAPHONGHOC, TENPHONG, SUCHUA, TRANGTHAI) VALUES (5, 'P.203', 30, 'San sang');
INSERT INTO PHONGHOC (MAPHONGHOC, TENPHONG, SUCHUA, TRANGTHAI) VALUES (6, 'P.301', 30, 'San sang');
-------------------------------------------------------------------------------------------------------------------------------------------
-- 2.2. Bảng KHOAHOC
INSERT INTO KHOAHOC (MAKHOAHOC, TENKH, MOTA, HOCPHITHANG, HOCPHITOANKH, MABOMON, CAPDO) 
VALUES (1, N'Khóa luyện thi THPT Quốc Gia môn Toán', N'Ôn luyện thi tốt nghiệp THPT Quốc gia môn Toán', 600000, 1800000, 1, 'Dai tra');
INSERT INTO KHOAHOC (MAKHOAHOC, TENKH, MOTA, HOCPHITHANG, HOCPHITOANKH, MABOMON, CAPDO) 
VALUES (2, N'Khóa bồi dưỡng Ngữ Văn 12 thi THPT', N'Bồi dưỡng thêm kiến thức Ngữ văn lớp 12', 1500000, 4500000, 2, 'Nang cao');
INSERT INTO KHOAHOC (MAKHOAHOC, TENKH, MOTA, HOCPHITHANG, HOCPHITOANKH, MABOMON, CAPDO) 
VALUES (3, N'Khóa Tiếng Anh thi Đại học', N'Luyện giải đề thi tiếng Anh THPT', 800000, 2400000, 3, 'Dai tra');
-------------------------------------------------------------------------------------------------------------------------------------------
-- 2.3. Bảng LOPHOC
INSERT INTO LOPHOC (MALOPHOC, TENLOP, NGAYBD, NGAYKT, MAKHOAHOC, MAGIAOVIEN, SISO, TANSUAT, TRANGTHAI) 
VALUES (1, N'Lớp Toán 12DT1', TO_DATE('2025-06-02', 'YYYY-MM-DD'), TO_DATE('2025-08-30', 'YYYY-MM-DD'), 1, 1, 20, '2 buổi/tuần', 'Dang mo'); --lop 1, mã học viên từ 1-20, số buổi từ 1 - 26 (đã xong hết)
INSERT INTO LOPHOC (MALOPHOC, TENLOP, NGAYBD, NGAYKT, MAKHOAHOC, MAGIAOVIEN, SISO, TANSUAT, TRANGTHAI)  
VALUES (2, N'Lớp Toán 12DT2', TO_DATE('2025-06-02', 'YYYY-MM-DD'), TO_DATE('2025-08-30', 'YYYY-MM-DD'), 1, 2, 15, '2 buổi/tuần', 'Dang mo'); --lop 2, mã học viên từ 21 - 35, số buổi từ 27 - 52 (đã xong hết)

INSERT INTO LOPHOC (MALOPHOC, TENLOP, NGAYBD, NGAYKT, MAKHOAHOC, MAGIAOVIEN, SISO, TANSUAT, TRANGTHAI) 
VALUES (3, N'Lớp Văn 12NC1', TO_DATE('2026-05-04', 'YYYY-MM-DD'), TO_DATE('2026-07-31', 'YYYY-MM-DD'), 2, 3, 20, '3 buổi/tuần', 'Dang mo'); --lop 3 mã học viên từ 36 - 55, số buổi từ 53 - 91                                    
INSERT INTO LOPHOC (MALOPHOC, TENLOP, NGAYBD, NGAYKT, MAKHOAHOC, MAGIAOVIEN, SISO, TANSUAT, TRANGTHAI) 
VALUES (4, N'Lớp Văn 12NC2', TO_DATE('2026-05-05', 'YYYY-MM-DD'), TO_DATE('2026-07-31', 'YYYY-MM-DD'), 2, 4, 25, '2 buổi/tuần', 'Dang mo'); --lop 4 mã học viên từ 56 - 75, số buổi từ 92 - 117

INSERT INTO LOPHOC (MALOPHOC, TENLOP, NGAYBD, NGAYKT, MAKHOAHOC, MAGIAOVIEN, SISO, TANSUAT, TRANGTHAI) 
VALUES (5, N'Lớp Tiếng Anh 12DT1', TO_DATE('2026-06-01', 'YYYY-MM-DD'), TO_DATE('2026-08-30', 'YYYY-MM-DD'), 3, 5, 20, '2 buổi/tuần', 'Dang mo'); --lop 5
INSERT INTO LOPHOC (MALOPHOC, TENLOP, NGAYBD, NGAYKT, MAKHOAHOC, MAGIAOVIEN, SISO, TANSUAT, TRANGTHAI) 
VALUES (6, N'Lớp Tiếng Anh 12DT2', TO_DATE('2026-06-02', 'YYYY-MM-DD'), TO_DATE('2026-08-30', 'YYYY-MM-DD'), 3, 6, 20, '3 buổi/tuần', 'Dang mo'); --lop 6

COMMIT;
-------------------------------------------------------------------------------------------------------------------------------------------
-- 2.4. Bảng LICHHOC
INSERT INTO LICHHOC (MALICH, MALOP, GIOBATDAU, GIOKETTHUC, THU) VALUES (1, 1, '08:00', '10:00', 'Thu 2');
INSERT INTO LICHHOC (MALICH, MALOP, GIOBATDAU, GIOKETTHUC, THU) VALUES (2, 1, '08:00', '10:00', 'Thu 4'); --Lich hoc lop 1

INSERT INTO LICHHOC (MALICH, MALOP, GIOBATDAU, GIOKETTHUC, THU) VALUES (3, 2, '14:00', '16:00', 'Thu 2'); --lich hop lop 2
INSERT INTO LICHHOC (MALICH, MALOP, GIOBATDAU, GIOKETTHUC, THU) VALUES (4, 2, '14:00', '16:00', 'Thu 4');

INSERT INTO LICHHOC (MALICH, MALOP, GIOBATDAU, GIOKETTHUC, THU) VALUES (5, 3, '19:30', '21:30', 'Thu 2');
INSERT INTO LICHHOC (MALICH, MALOP, GIOBATDAU, GIOKETTHUC, THU) VALUES (6, 3, '19:30', '21:30', 'Thu 4'); --lich hop lop 3
INSERT INTO LICHHOC (MALICH, MALOP, GIOBATDAU, GIOKETTHUC, THU) VALUES (7, 3, '19:30', '21:30', 'Thu 6');

INSERT INTO LICHHOC (MALICH, MALOP, GIOBATDAU, GIOKETTHUC, THU) VALUES (8, 4, '17:00', '20:00', 'Thu 3');
INSERT INTO LICHHOC (MALICH, MALOP, GIOBATDAU, GIOKETTHUC, THU) VALUES (9, 4, '17:00', '20:00', 'Thu 5'); --lich hop lop 4

INSERT INTO LICHHOC (MALICH, MALOP, GIOBATDAU, GIOKETTHUC, THU) VALUES (10, 5, '08:00', '10:00', 'Thu 2'); --lich hoc lop 5
INSERT INTO LICHHOC (MALICH, MALOP, GIOBATDAU, GIOKETTHUC, THU) VALUES (11, 5, '08:00', '10:00', 'Thu 4');

INSERT INTO LICHHOC (MALICH, MALOP, GIOBATDAU, GIOKETTHUC, THU) VALUES (12, 6, '08:00', '10:00', 'Thu 3'); --lich hoc lop 6
INSERT INTO LICHHOC (MALICH, MALOP, GIOBATDAU, GIOKETTHUC, THU) VALUES (13, 6, '08:00', '10:00', 'Thu 5');
INSERT INTO LICHHOC (MALICH, MALOP, GIOBATDAU, GIOKETTHUC, THU) VALUES (14, 6, '08:00', '10:00', 'Thu 7');

COMMIT;


-- 2.7. Bảng BAIKIEMTRA
--Tao bai kiem tra cho lop so 1, Toan 12 DT1
INSERT INTO BAIKIEMTRA (MABAIKIEMTRA, TENBKT, NGAYKT, THOIGIAN, LOAIBKT, MALOP, DIEMTOIDA, DIEMDAT) VALUES (1, N'Đề kiểm tra 15 phút Đại Số 12-1', TO_DATE('2025-06-11', 'YYYY-MM-DD'), 15, 'Thuong xuyen', 1, 10, 5);
INSERT INTO BAIKIEMTRA (MABAIKIEMTRA, TENBKT, NGAYKT, THOIGIAN, LOAIBKT, MALOP, DIEMTOIDA, DIEMDAT) VALUES (2, N'Đề kiểm tra 15 phút Đại Số 12-2', TO_DATE('2025-06-25', 'YYYY-MM-DD'), 15, 'Thuong xuyen', 1, 10, 5);
INSERT INTO BAIKIEMTRA (MABAIKIEMTRA, TENBKT, NGAYKT, THOIGIAN, LOAIBKT, MALOP, DIEMTOIDA, DIEMDAT) VALUES (3, N'Đề kiểm tra 15 phút Đại Số 12-3', TO_DATE('2025-07-02', 'YYYY-MM-DD'), 15, 'Thuong xuyen', 1, 10, 5);
INSERT INTO BAIKIEMTRA (MABAIKIEMTRA, TENBKT, NGAYKT, THOIGIAN, LOAIBKT, MALOP, DIEMTOIDA, DIEMDAT) VALUES (4, N'Đề kiểm tra 15 phút Đại Số 12-4', TO_DATE('2025-07-16', 'YYYY-MM-DD'), 15, 'Thuong xuyen', 1, 10, 5);
INSERT INTO BAIKIEMTRA (MABAIKIEMTRA, TENBKT, NGAYKT, THOIGIAN, LOAIBKT, MALOP, DIEMTOIDA, DIEMDAT) VALUES (5, N'Đề kiểm tra Giữa kỳ Đại Số 12', TO_DATE('2025-07-30', 'YYYY-MM-DD'), 90, 'Giua ky', 1, 10, 5);
INSERT INTO BAIKIEMTRA (MABAIKIEMTRA, TENBKT, NGAYKT, THOIGIAN, LOAIBKT, MALOP, DIEMTOIDA, DIEMDAT) VALUES (6, N'Đề kiểm tra Cuối kỳ Đại Số 12', TO_DATE('2025-08-18', 'YYYY-MM-DD'), 120, 'Cuoi ky', 1, 10, 5);
--ket thuc tao BKT cho lớp số 1, Toan 12 DT1
----------------------------------------------------------------------------------
--TẠO BÀI KIỂM TRA CHO LỚP SÔ 2, TOÁN 12 DT2
INSERT INTO BAIKIEMTRA (MABAIKIEMTRA, TENBKT, NGAYKT, THOIGIAN, LOAIBKT, MALOP, DIEMTOIDA, DIEMDAT) VALUES (7, N'Đề kiểm tra 15 phút Đại Số 12-1', TO_DATE('2025-06-11', 'YYYY-MM-DD'), 15, 'Thuong xuyen', 2, 10, 5);
INSERT INTO BAIKIEMTRA (MABAIKIEMTRA, TENBKT, NGAYKT, THOIGIAN, LOAIBKT, MALOP, DIEMTOIDA, DIEMDAT) VALUES (8, N'Đề kiểm tra 15 phút Đại Số 12-2', TO_DATE('2025-06-25', 'YYYY-MM-DD'), 15, 'Thuong xuyen', 2, 10, 5);
INSERT INTO BAIKIEMTRA (MABAIKIEMTRA, TENBKT, NGAYKT, THOIGIAN, LOAIBKT, MALOP, DIEMTOIDA, DIEMDAT) VALUES (9, N'Đề kiểm tra 15 phút Đại Số 12-3', TO_DATE('2025-07-02', 'YYYY-MM-DD'), 15, 'Thuong xuyen', 2, 10, 5);
INSERT INTO BAIKIEMTRA (MABAIKIEMTRA, TENBKT, NGAYKT, THOIGIAN, LOAIBKT, MALOP, DIEMTOIDA, DIEMDAT) VALUES (10, N'Đề kiểm tra 15 phút Đại Số 12-4', TO_DATE('2025-07-16', 'YYYY-MM-DD'), 15, 'Thuong xuyen', 2, 10, 5);
INSERT INTO BAIKIEMTRA (MABAIKIEMTRA, TENBKT, NGAYKT, THOIGIAN, LOAIBKT, MALOP, DIEMTOIDA, DIEMDAT) VALUES (11, N'Đề kiểm tra Giữa kỳ Đại Số 12', TO_DATE('2025-07-30', 'YYYY-MM-DD'), 90, 'Giua ky', 2, 10, 5);
INSERT INTO BAIKIEMTRA (MABAIKIEMTRA, TENBKT, NGAYKT, THOIGIAN, LOAIBKT, MALOP, DIEMTOIDA, DIEMDAT) VALUES (12, N'Đề kiểm tra Cuối kỳ Đại Số 12', TO_DATE('2025-08-18', 'YYYY-MM-DD'), 120, 'Cuoi ky', 2, 10, 5);
--ket thuc TẠO BKT CHO LỚP SÔ 2, TOÁN 12 DT2
-----------------------------------------------------------------------------------------
--TẠO BÀI KIỂM TRA CHO LỚP SỐ 3, NGỮ VĂN 12 NC1
INSERT INTO BAIKIEMTRA (MABAIKIEMTRA, TENBKT, NGAYKT, THOIGIAN, LOAIBKT, MALOP, DIEMTOIDA, DIEMDAT) VALUES (13, N'Đề kiểm tra Ngữ Văn 12-1', TO_DATE('2026-05-13', 'YYYY-MM-DD'), 30, 'Thuong xuyen', 3, 10, 5);
INSERT INTO BAIKIEMTRA (MABAIKIEMTRA, TENBKT, NGAYKT, THOIGIAN, LOAIBKT, MALOP, DIEMTOIDA, DIEMDAT) VALUES (14, N'Đề kiểm tra Ngữ Văn 12-2', TO_DATE('2026-05-25', 'YYYY-MM-DD'), 30, 'Thuong xuyen', 3, 10, 5);
INSERT INTO BAIKIEMTRA (MABAIKIEMTRA, TENBKT, NGAYKT, THOIGIAN, LOAIBKT, MALOP, DIEMTOIDA, DIEMDAT) VALUES (15, N'Đề kiểm tra Ngữ Văn 12-3', TO_DATE('2026-06-03', 'YYYY-MM-DD'), 30, 'Thuong xuyen', 3, 10, 5);
INSERT INTO BAIKIEMTRA (MABAIKIEMTRA, TENBKT, NGAYKT, THOIGIAN, LOAIBKT, MALOP, DIEMTOIDA, DIEMDAT) VALUES (16, N'Đề kiểm tra Ngữ Văn 12-4', TO_DATE('2026-06-12', 'YYYY-MM-DD'), 30, 'Thuong xuyen', 3, 10, 5);
INSERT INTO BAIKIEMTRA (MABAIKIEMTRA, TENBKT, NGAYKT, THOIGIAN, LOAIBKT, MALOP, DIEMTOIDA, DIEMDAT) VALUES (17, N'Đề kiểm tra Bồi dưỡng Giữa kỳ Ngữ Văn 12', TO_DATE('2026-06-29', 'YYYY-MM-DD'), 90, 'Giua ky', 3, 10, 5);
INSERT INTO BAIKIEMTRA (MABAIKIEMTRA, TENBKT, NGAYKT, THOIGIAN, LOAIBKT, MALOP, DIEMTOIDA, DIEMDAT) VALUES (18, N'Đề kiểm tra Bồi dưỡng Cuối kỳ Ngữ Văn 12', TO_DATE('2026-07-22', 'YYYY-MM-DD'), 120, 'Cuoi ky', 3, 10, 5);
--ket thuc tạo BKT cho lớp số 3, NGỮ VĂN 12 NC1

--TẠO BÀI KT CHO LỚP SỐ 4, NGỮ VĂN 12 NC2
INSERT INTO BAIKIEMTRA (MABAIKIEMTRA, TENBKT, NGAYKT, THOIGIAN, LOAIBKT, MALOP, DIEMTOIDA, DIEMDAT) VALUES (19, N'Đề kiểm tra Ngữ Văn 12-1', TO_DATE('2026-05-14', 'YYYY-MM-DD'), 30, 'Thuong xuyen', 4, 10, 5);
INSERT INTO BAIKIEMTRA (MABAIKIEMTRA, TENBKT, NGAYKT, THOIGIAN, LOAIBKT, MALOP, DIEMTOIDA, DIEMDAT) VALUES (20, N'Đề kiểm tra Ngữ Văn 12-2', TO_DATE('2026-05-26', 'YYYY-MM-DD'), 30, 'Thuong xuyen', 4, 10, 5);
INSERT INTO BAIKIEMTRA (MABAIKIEMTRA, TENBKT, NGAYKT, THOIGIAN, LOAIBKT, MALOP, DIEMTOIDA, DIEMDAT) VALUES (21, N'Đề kiểm tra Ngữ Văn 12-3', TO_DATE('2026-06-04', 'YYYY-MM-DD'), 30, 'Thuong xuyen', 4, 10, 5);
INSERT INTO BAIKIEMTRA (MABAIKIEMTRA, TENBKT, NGAYKT, THOIGIAN, LOAIBKT, MALOP, DIEMTOIDA, DIEMDAT) VALUES (22, N'Đề kiểm tra Ngữ Văn 12-4', TO_DATE('2026-06-16', 'YYYY-MM-DD'), 30, 'Thuong xuyen', 4, 10, 5);
INSERT INTO BAIKIEMTRA (MABAIKIEMTRA, TENBKT, NGAYKT, THOIGIAN, LOAIBKT, MALOP, DIEMTOIDA, DIEMDAT) VALUES (23, N'Đề kiểm tra Bồi dưỡng Giữa kỳ Ngữ Văn 12', TO_DATE('2026-06-30', 'YYYY-MM-DD'), 90, 'Giua ky', 4, 10, 5);
INSERT INTO BAIKIEMTRA (MABAIKIEMTRA, TENBKT, NGAYKT, THOIGIAN, LOAIBKT, MALOP, DIEMTOIDA, DIEMDAT) VALUES (24, N'Đề kiểm tra Bồi dưỡng Cuối kỳ Ngữ Văn 12', TO_DATE('2026-07-23', 'YYYY-MM-DD'), 120, 'Cuoi ky', 4, 10, 5);
--KET THUC TAO BAI KIEM TRA CHO LỚP số 4, NGỮ VĂN 12 NC2

COMMIT;


-- 2.9. Bảng TAILIEU
--TAI LIEU CHO LOP SO 1, TOAN 12 DT1
INSERT INTO TAILIEU (MATAILIEU, TENTAILIEU, LINK, MALOPHOC) VALUES (1, N'Chuyên đề Giải tích 12', 'http://thpt.edu.vn/toan12_giaitich.pdf', 1);
INSERT INTO TAILIEU (MATAILIEU, TENTAILIEU, LINK, MALOPHOC) VALUES (2, N'Sách bài tập Toán 12 Đại Số', 'http://thpt.edu.vn/toan12_sbt.pdf', 1);
INSERT INTO TAILIEU (MATAILIEU, TENTAILIEU, LINK, MALOPHOC) VALUES (3, N'Tổng hợp 50 đề thi toán 12', 'http://thpt.edu.vn/tonghop_50_dethiToan.pdf', 1);
--TAI LIEU CHO LOP SO 2, TOAN 12 DT2
INSERT INTO TAILIEU (MATAILIEU, TENTAILIEU, LINK, MALOPHOC) VALUES (4, N'Chuyên đề Giải tích 12', 'http://thpt.edu.vn/toan12_giaitich.pdf', 2);
INSERT INTO TAILIEU (MATAILIEU, TENTAILIEU, LINK, MALOPHOC) VALUES (5, N'Sách bài tập Toán 12 Đại Số', 'http://thpt.edu.vn/toan12_sbt.pdf', 2);
INSERT INTO TAILIEU (MATAILIEU, TENTAILIEU, LINK, MALOPHOC) VALUES (6, N'Tổng hợp 50 đề thi toán 12', 'http://thpt.edu.vn/tonghop_50_dethiToan.pdf', 2);
INSERT INTO TAILIEU (MATAILIEU, TENTAILIEU, LINK, MALOPHOC) VALUES (7, N'Tổng hợp các câu nâng cao', 'http://thpt.edu.vn/tonghop_cau_nang_cao.pdf', 2);
--TAI LIEU CHO LOP SO 3, VAN 12 NC1
INSERT INTO TAILIEU (MATAILIEU, TENTAILIEU, LINK, MALOPHOC) VALUES (8, N'Tài liệu đọc hiểu Ngữ Văn 12', 'http://thpt.edu.vn/van12_docthem.pdf', 3);
INSERT INTO TAILIEU (MATAILIEU, TENTAILIEU, LINK, MALOPHOC) VALUES (9, N'Tài liệu đọc hiểu Ngữ Văn 12 phần 2', 'http://thpt.edu.vn/van12_docthem_2.pdf', 3);
INSERT INTO TAILIEU (MATAILIEU, TENTAILIEU, LINK, MALOPHOC) VALUES (10, N'Tổng hợp 50 đề thi tốt nghiệp Văn 12', 'http://thpt.edu.vn/tonghop_50_dethiVan.pdf', 3);
INSERT INTO TAILIEU (MATAILIEU, TENTAILIEU, LINK, MALOPHOC) VALUES (11, N'Tài liệu nghị luan Văn 12', 'http://thpt.edu.vn/van12_nghiluantailieu.pdf', 3);
--TAI LIEU CHO LOP SO 4, VAN 12 NC2
INSERT INTO TAILIEU (MATAILIEU, TENTAILIEU, LINK, MALOPHOC) VALUES (12, N'Tài liệu đọc hiểu Ngữ Văn 12', 'http://thpt.edu.vn/van12_docthem.pdf', 4);
INSERT INTO TAILIEU (MATAILIEU, TENTAILIEU, LINK, MALOPHOC) VALUES (13, N'Tài liệu đọc hiểu Ngữ Văn 12 phần 2', 'http://thpt.edu.vn/van12_docthem_2.pdf', 4);
INSERT INTO TAILIEU (MATAILIEU, TENTAILIEU, LINK, MALOPHOC) VALUES (14, N'Tổng hợp 50 đề thi tốt nghiệp Văn 12', 'http://thpt.edu.vn/tonghop_50_dethiVan.pdf', 4);
INSERT INTO TAILIEU (MATAILIEU, TENTAILIEU, LINK, MALOPHOC) VALUES (15, N'Tài liệu nghị luận Văn 12', 'http://thpt.edu.vn/van12_nghiluantailieu.pdf', 4);

COMMIT;

-- =========================================================
-- 3. ENROLLMENT & FINANCIAL
-- =========================================================

-- 3.1. Bảng HOCBONG
INSERT INTO HOCBONG (MAHOCBONG, MAHOCVIEN, GIATRI, NGAYCAP, TRANGTHAIHB) VALUES (1, 11, 600000, TO_DATE('2025-08-30', 'YYYY-MM-DD'), 'Chua nhan');
INSERT INTO HOCBONG (MAHOCBONG, MAHOCVIEN, GIATRI, NGAYCAP, TRANGTHAIHB) VALUES (2, 26, 600000, TO_DATE('2025-08-30', 'YYYY-MM-DD'), 'Chua nhan');
COMMIT;

--INSERT HOADON loại học bổng 
-- Ví dụ hóa đơn xuất quỹ cấp học bổng cho bạn số 11 (Mã học bổng = 1)
INSERT INTO HOADONHOCPHI (MAHOADON, MAHOCVIEN, MALOP, NGAYLAP, TONGTIEN, TRANGTHAIHD, LOAIHD, HINHTHUC, MAHOCBONG) VALUES (76, 11, 1, TO_DATE('2025-08-30', 'YYYY-MM-DD'), 600000, 'Da thanh toan', 'Hoc bong', 'Tien mat', 1);
INSERT INTO HOADONHOCPHI (MAHOADON, MAHOCVIEN, MALOP, NGAYLAP, TONGTIEN, TRANGTHAIHD, LOAIHD, HINHTHUC, MAHOCBONG) VALUES (77, 26, 1, TO_DATE('2025-08-30', 'YYYY-MM-DD'), 600000, 'Da thanh toan', 'Hoc bong', 'Tien mat', 2);
COMMIT;


-- 3.4. Bảng YEUCAUCHUYENLOP
INSERT INTO YEUCAUCHUYENLOP (MAYEUCAU, MAHOCVIEN, MALOPCU, MALOPMOI, LYDO, NGAYYEUCAU, TRANGTHAI, MANHANVIEN, NGAYXULY, GHICHU) VALUES (1, 36, 3, 4, N'Bận lịch cá nhân', TO_DATE('2026-05-28', 'YYYY-MM-DD'), 'Cho duyet', 2, NULL, NULL);
INSERT INTO YEUCAUCHUYENLOP (MAYEUCAU, MAHOCVIEN, MALOPCU, MALOPMOI, LYDO, NGAYYEUCAU, TRANGTHAI, MANHANVIEN, NGAYXULY, GHICHU) VALUES (2, 37, 3, 4, N'Bận lịch cá nhân', TO_DATE('2026-05-28', 'YYYY-MM-DD'), 'Cho duyet', 2, NULL, NULL);
-- 3.5. Bảng HOANTRA
INSERT INTO HOANTRA (MAHOANTRA, MAHOADON, MAHOCVIEN, SOTIEN, LYDO, NGAYYEUCAU, NGAYHOANTRA, TRANGTHAI, MANHANVIEN, HINHTHUC, NGUOITAO) VALUES (1, 36, 36, 4500000, N'Hủy môn một phần do bận lịch', TO_DATE('2026-05-28', 'YYYY-MM-DD'), NULL, 'Cho duyet', 2, 'Tien mat', 45);
INSERT INTO HOANTRA (MAHOANTRA, MAHOADON, MAHOCVIEN, SOTIEN, LYDO, NGAYYEUCAU, NGAYHOANTRA, TRANGTHAI, MANHANVIEN, HINHTHUC, NGUOITAO) VALUES (2, 37, 37, 4500000, N'Hủy môn một phần do bận lịch', TO_DATE('2026-05-28', 'YYYY-MM-DD'), NULL, 'Cho duyet', 2, 'Tien mat', 46);

-- =========================================================
-- 4. SYSTEM SCHEDULING
-- =========================================================

-- 4.1. Bảng NGAYNGHILE
INSERT INTO NGAYNGHILE (MANGAYNGHI, NGAYBATDAU, NGAYKETTHUC) 
VALUES (1, TO_DATE('2026-09-02', 'YYYY-MM-DD'), TO_DATE('2026-09-02', 'YYYY-MM-DD'));

COMMIT;
